vehicle,vehicle_status,segment,segment_dv_m_per_s,segment_duration_yr,propellant,propellant_isp_s,propellant_cost_usd_per_kg,launch_usd_per_kg_to_leo,propellant_mass_per_kg_payload,in_space_prop_usd_per_kg_payload,total_usd_per_kg_payload_to_segment_end,catalog_date,pipeline_version
Falcon 9 (reusable),operational,LEO  →  GTO,2440.0,0.001,kerolox  (RP-1 / LOX),340.0,0.896969696969697,4253,1.0788115101939009,0.9676612333860444,4253.967661233386,2026-09-23,1.16.0
Falcon 9 (reusable),operational,LEO  →  easy NEA (low-Δv class),4500.0,1.0,Iodine  (Hall / gridded),2000.0,60.0,4253,0.25789054573126236,15.47343274387574,4268.4734327438755,2026-09-23,1.16.0
Falcon 9 (reusable),operational,LEO  →  hard NEA,8500.0,2.0,MPD  (lithium magnetoplasmadynamic),4000.0,80.0,4253,0.24195865667730865,19.356692534184692,4272.356692534185,2026-09-23,1.16.0
Falcon 9 (reusable),operational,NEA  →  Earth return (propulsive),5500.0,1.5,Hydrazine  (monoprop),220.0,75.0,4253,11.798020780482084,884.8515585361563,5137.8515585361565,2026-09-23,1.16.0
Falcon 9 (reusable),operational,Main belt  →  Earth return,7500.0,4.0,Electrospray  (ionic liquid),2500.0,2000.0,4253,0.35786669814274674,715.7333962854934,4968.733396285494,2026-09-23,1.16.0
Falcon 9 (reusable),operational,TLI  →  NRHO insertion,450.0,0.01,Mass driver  (regolith reaction mass),306.0,0.1,4253,0.1617857564635845,0.01617857564635845,4253.016178575646,2026-09-23,1.16.0
Falcon 9 (reusable),operational,GTO  →  GEO (circularise + plane change),1836.0,0.01,Aerozine-50 / NTO  (hypergolic),320.0,53.33333333333333,4253,0.7951025966161802,42.40547181952961,4295.405471819529,2026-09-23,1.16.0
Falcon 9 (reusable),operational,GEO  →  Earth (deorbit to entry),1488.0,0.01,Solar sail  (photonic),inf,0.0,4253,0.0,0.0,4253.0,2026-09-23,1.16.0
Falcon 9 (reusable),operational,NRHO  →  low lunar orbit,730.0,0.01,Magnetic sail / electric sail,inf,0.0,4253,0.0,0.0,4253.0,2026-09-23,1.16.0
Falcon 9 (reusable),operational,Mars arrival  →  1-sol orbit (MOI),900.0,0.01,Cold gas  (GN2),70.0,1.0,4253,2.710118075525866,2.710118075525866,4255.710118075526,2026-09-23,1.16.0
Falcon 9 (reusable),operational,1-sol Mars orbit  →  Earth (TEI),900.0,0.7,Solar thermal steam  (water),190.0,2.0,4253,0.6209679475573551,1.2419358951147101,4254.241935895115,2026-09-23,1.16.0
Falcon 9 (reusable),operational,NEA  →  LEO delivery (aerobraked),100.0,2.0,hydrolox  (LH2 / LOX),452.0,1.5999999999999999,4253,0.022816496641631545,0.03650639462661047,4253.0365063946265,2026-09-23,1.16.0
Falcon 9 (expendable),operational,LEO  →  Earth escape (C3=0),3200.0,0.003,Water  (electrothermal / resistojet),190.0,2.0,4561,4.57012101409357,9.14024202818714,4570.1402420281875,2026-09-23,1.16.0
Falcon 9 (expendable),operational,LEO  →  average NEA,6500.0,1.5,"Metal / water  (ALICE, Al + H2O)",210.0,2.5,4561,22.482711480934654,56.206778702336635,4617.206778702337,2026-09-23,1.16.0
Falcon 9 (expendable),operational,Asteroid station-keeping,200.0,0.5,Xenon  (Hall / ion),3000.0,10000.0,4561,0.006821267674013143,68.21267674013143,4629.212676740131,2026-09-23,1.16.0
Falcon 9 (expendable),operational,NEA  →  Earth return (aerocap),1500.0,1.5,FEEP  (indium field emission),6000.0,250.0,4561,0.0258206283800948,6.455157095023701,4567.455157095023,2026-09-23,1.16.0
Falcon 9 (expendable),operational,LEO  →  TLI (trans-lunar injection),3150.0,0.01,Nuclear pulse  (Orion),10000.0,50000.0,4561,0.032642510172600225,1632.1255086300112,6193.125508630012,2026-09-23,1.16.0
Falcon 9 (expendable),operational,LEO  →  GTO (perigee burn),2455.0,0.001,Green monoprop  (ASCENT / AF-M315E),235.0,500.0,4561,1.9016455329341797,950.8227664670899,5511.82276646709,2026-09-23,1.16.0
Falcon 9 (expendable),operational,LEO  →  GEO depot,4291.0,0.01,"Nuclear thermal  (LH2, NTP)",900.0,10.0,4561,0.6260894631306189,6.260894631306188,4567.260894631306,2026-09-23,1.16.0
Falcon 9 (expendable),operational,TLI  →  low lunar orbit (LOI),900.0,0.01,Momentum-exchange tether,inf,0.0,4561,0.0,0.0,4561.0,2026-09-23,1.16.0
Falcon 9 (expendable),operational,Low Mars orbit  →  Earth (TEI),2100.0,0.7,Solid  (APCP),285.0,15.0,4561,1.119901957477476,16.79852936216214,4577.798529362162,2026-09-23,1.16.0
Falcon 9 (expendable),operational,LEO  →  Mars 1-sol orbit depot,4500.0,0.7,"VASIMR  (argon, variable Isp)",4000.0,10.0,4561,0.12155719681666799,1.21557196816668,4562.215571968167,2026-09-23,1.16.0
Falcon 9 (expendable),operational,NEA  →  cislunar NRHO (Oberth capture),944.0,1.6,methalox  (LCH4 / LOX),380.0,0.24347826086956526,4561,0.288294144945046,0.07019335703009817,4561.07019335703,2026-09-23,1.16.0
Falcon Heavy (reusable side cores),operational,LEO  →  GTO,2440.0,0.001,Water  (gridded ion / ECR),900.0,2.0,3333,0.3184494611591331,0.6368989223182662,3333.6368989223183,2026-09-23,1.16.0
Falcon Heavy (reusable side cores),operational,LEO  →  easy NEA (low-Δv class),4500.0,1.0,Li / F2 / H2  (tripropellant),542.0,37.5609756097561,3333,1.3317705042839014,50.0225994292002,3383.0225994292,2026-09-23,1.16.0
Falcon Heavy (reusable side cores),operational,LEO  →  main-belt asteroid,10500.0,3.5,Argon  (Hall / ion),1500.0,10.0,3333,1.0417378839408848,10.417378839408848,3343.4173788394087,2026-09-23,1.16.0
Falcon Heavy (reusable side cores),operational,NEA  →  Earth return (propulsive),5500.0,1.5,PPT  (PTFE pulsed plasma),1000.0,25.0,3333,0.7521505464083829,18.803763660209572,3351.8037636602094,2026-09-23,1.16.0
Falcon Heavy (reusable side cores),operational,Main belt  →  Earth return,7500.0,4.0,Direct fusion drive,10000.0,1000000.0,3333,0.07947921442828254,79479.21442828255,82812.21442828255,2026-09-23,1.16.0
Falcon Heavy (reusable side cores),operational,LEO  →  cislunar NRHO depot,3600.0,0.02,HTP  (98% peroxide monoprop),165.0,5.0,3333,8.251959563304872,41.25979781652436,3374.2597978165245,2026-09-23,1.16.0
Falcon Heavy (reusable side cores),operational,GTO  →  GEO (circularise + plane change),1836.0,0.01,"Nuclear electric  (NEP, xenon)",5000.0,10000.0,3333,0.03815383739018641,381.5383739018641,3714.538373901864,2026-09-23,1.16.0
Falcon Heavy (reusable side cores),operational,GEO  →  Earth (deorbit to entry),1488.0,0.01,Beamed laser-thermal  (H2),900.0,10.0,3333,0.1836383954252423,1.836383954252423,3334.8363839542526,2026-09-23,1.16.0
Falcon Heavy (reusable side cores),operational,LEO  →  trans-Mars injection,3600.0,0.7,Krypton  (Hall),2000.0,300.0,3333,0.20147373807019697,60.44212142105909,3393.4421214210593,2026-09-23,1.16.0
Falcon Heavy (reusable side cores),operational,Mars arrival  →  1-sol orbit (MOI),900.0,0.01,"Argon  (Hall / ion, cryogenic)",1500.0,10.0,3333,0.06309341354847708,0.6309341354847708,3333.630934135485,2026-09-23,1.16.0
Falcon Heavy (reusable side cores),operational,NEA  →  LEO delivery (propulsive),3626.0,1.5,MMH / NTO  (hypergolic),336.0,59.528301886792455,3333,2.0054994079414077,119.38397418971965,3452.3839741897195,2026-09-23,1.16.0
Falcon Heavy (reusable side cores),operational,NEA  →  LEO delivery (aerobraked),100.0,2.0,Hydrazine arcjet,600.0,75.0,3333,0.017140511459250662,1.2855383594437997,3334.2855383594438,2026-09-23,1.16.0
Falcon Heavy (expendable),operational,LEO  →  Earth escape (C3=0),3200.0,0.003,CO / LOX  (carbonaceous ISRU),260.0,0.7095541401273886,2414,2.507962340207841,1.7795350617780479,2415.779535061778,2026-09-23,1.16.0
Falcon Heavy (expendable),operational,LEO  →  hard NEA,8500.0,2.0,UDMH / NTO  (hypergolic),318.0,47.5,2414,14.266433724626644,677.6556019197656,3091.6556019197656,2026-09-23,1.16.0
Falcon Heavy (expendable),operational,Asteroid station-keeping,200.0,0.5,Mercury ion  (RETIRED),3000.0,60.0,2414,0.006821267674013143,0.40927606044078857,2414.409276060441,2026-09-23,1.16.0
Falcon Heavy (expendable),operational,NEA  →  Earth return (aerocap),1500.0,1.5,Antimatter-catalysed,100000.0,6.25e+16,2414,0.001530744714925758,95671544682859.88,95671544685273.88,2026-09-23,1.16.0
Falcon Heavy (expendable),operational,TLI  →  NRHO insertion,450.0,0.01,HTP / RP-1  (peroxide bipropellant),320.0,4.6875,2414,0.1541886071272669,0.7227590959090636,2414.722759095909,2026-09-23,1.16.0
Falcon Heavy (expendable),operational,LEO  →  GTO (perigee burn),2455.0,0.001,Solar thermal  (LH2),800.0,10.0,2414,0.36741953530826965,3.6741953530826965,2417.6741953530827,2026-09-23,1.16.0
Falcon Heavy (expendable),operational,GEO  →  Earth (deorbit to entry),1488.0,0.01,kerolox  (RP-1 / LOX),340.0,0.896969696969697,2414,0.5624823419998384,0.5045296158544005,2414.5045296158546,2026-09-23,1.16.0
Falcon Heavy (expendable),operational,NRHO  →  low lunar orbit,730.0,0.01,Iodine  (Hall / gridded),2000.0,60.0,2414,0.03792096660609423,2.275257996365654,2416.275257996366,2026-09-23,1.16.0
Falcon Heavy (expendable),operational,Low Mars orbit  →  Earth (TEI),2100.0,0.7,MPD  (lithium magnetoplasmadynamic),4000.0,80.0,2414,0.05499402265417652,4.399521812334122,2418.399521812334,2026-09-23,1.16.0
Falcon Heavy (expendable),operational,1-sol Mars orbit  →  Earth (TEI),900.0,0.7,Hydrazine  (monoprop),220.0,75.0,2414,0.5176402062232073,38.82301546674054,2452.8230154667403,2026-09-23,1.16.0
Falcon Heavy (expendable),operational,NEA  →  cislunar NRHO (Oberth capture),944.0,1.6,Electrospray  (ionic liquid),2500.0,2000.0,2414,0.03925538857867572,78.51077715735144,2492.5107771573516,2026-09-23,1.16.0
SLS Block 1,operational,LEO  →  GTO,2440.0,0.001,Mass driver  (regolith reaction mass),306.0,0.1,27895,1.254903200988866,0.1254903200988866,27895.1254903201,2026-09-23,1.16.0
SLS Block 1,operational,LEO  →  average NEA,6500.0,1.5,Aerozine-50 / NTO  (hypergolic),320.0,53.33333333333333,27895,6.935120641745304,369.8731008930829,28264.873100893084,2026-09-23,1.16.0
SLS Block 1,operational,LEO  →  main-belt asteroid,10500.0,3.5,Solar sail  (photonic),inf,0.0,27895,0.0,0.0,27895.0,2026-09-23,1.16.0
SLS Block 1,operational,NEA  →  Earth return (propulsive),5500.0,1.5,Magnetic sail / electric sail,inf,0.0,27895,0.0,0.0,27895.0,2026-09-23,1.16.0
SLS Block 1,operational,LEO  →  TLI (trans-lunar injection),3150.0,0.01,Cold gas  (GN2),70.0,1.0,27895,97.36872895724488,97.36872895724488,27992.368728957244,2026-09-23,1.16.0
SLS Block 1,operational,LEO  →  cislunar NRHO depot,3600.0,0.02,Solar thermal steam  (water),190.0,2.0,27895,5.903951143604084,11.807902287208169,27906.807902287208,2026-09-23,1.16.0
SLS Block 1,operational,LEO  →  GEO depot,4291.0,0.01,hydrolox  (LH2 / LOX),452.0,1.5999999999999999,27895,1.632814956678656,2.6125039306858495,27897.612503930686,2026-09-23,1.16.0
SLS Block 1,operational,TLI  →  low lunar orbit (LOI),900.0,0.01,Water  (electrothermal / resistojet),190.0,2.0,27895,0.6209679475573551,1.2419358951147101,27896.241935895116,2026-09-23,1.16.0
SLS Block 1,operational,LEO  →  trans-Mars injection,3600.0,0.7,"Metal / water  (ALICE, Al + H2O)",210.0,2.5,27895,4.743592792335074,11.858981980837683,27906.858981980837,2026-09-23,1.16.0
SLS Block 1,operational,LEO  →  Mars 1-sol orbit depot,4500.0,0.7,Xenon  (Hall / ion),3000.0,10000.0,27895,0.16527537438270223,1652.7537438270224,29547.753743827023,2026-09-23,1.16.0
SLS Block 1,operational,NEA  →  LEO delivery (propulsive),3626.0,1.5,FEEP  (indium field emission),6000.0,250.0,27895,0.06356327390661964,15.89081847665491,27910.890818476655,2026-09-23,1.16.0
SLS Block 1,operational,NEA  →  LEO delivery (aerobraked),100.0,2.0,Nuclear pulse  (Orion),10000.0,50000.0,27895,0.001020236300320887,51.01181501604435,27946.011815016045,2026-09-23,1.16.0
Atlas V 551,operational,LEO  →  easy NEA (low-Δv class),4500.0,1.0,Green monoprop  (ASCENT / AF-M315E),235.0,500.0,8132,6.0473246843309525,3023.6623421654763,11155.662342165477,2026-09-23,1.16.0
Atlas V 551,operational,LEO  →  hard NEA,8500.0,2.0,"Nuclear thermal  (LH2, NTP)",900.0,10.0,8132,1.6197144211130081,16.19714421113008,8148.19714421113,2026-09-23,1.16.0
Atlas V 551,operational,Asteroid station-keeping,200.0,0.5,Momentum-exchange tether,inf,0.0,8132,0.0,0.0,8132.0,2026-09-23,1.16.0
Atlas V 551,operational,Main belt  →  Earth return,7500.0,4.0,Solid  (APCP),285.0,15.0,8132,13.635699543655154,204.5354931548273,8336.535493154828,2026-09-23,1.16.0
Atlas V 551,operational,TLI  →  NRHO insertion,450.0,0.01,"VASIMR  (argon, variable Isp)",4000.0,10.0,8132,0.01153786092125575,0.11537860921255749,8132.115378609213,2026-09-23,1.16.0
Atlas V 551,operational,GTO  →  GEO (circularise + plane change),1836.0,0.01,methalox  (LCH4 / LOX),380.0,0.24347826086956526,8132,0.6367031410950339,0.15502337348400827,8132.155023373484,2026-09-23,1.16.0
Atlas V 551,operational,GEO  →  Earth (deorbit to entry),1488.0,0.01,Water  (gridded ion / ECR),900.0,2.0,8132,0.1836383954252423,0.3672767908504846,8132.36727679085,2026-09-23,1.16.0
Atlas V 551,operational,NRHO  →  low lunar orbit,730.0,0.01,Li / F2 / H2  (tripropellant),542.0,37.5609756097561,8132,0.1472202605342099,5.529736615187396,8137.529736615187,2026-09-23,1.16.0
Atlas V 551,operational,Mars arrival  →  1-sol orbit (MOI),900.0,0.01,Argon  (Hall / ion),1500.0,10.0,8132,0.06309341354847708,0.6309341354847708,8132.6309341354845,2026-09-23,1.16.0
Atlas V 551,operational,1-sol Mars orbit  →  Earth (TEI),900.0,0.7,PPT  (PTFE pulsed plasma),1000.0,25.0,8132,0.09611757492989637,2.402939373247409,8134.402939373247,2026-09-23,1.16.0
Atlas V 551,operational,NEA  →  cislunar NRHO (Oberth capture),944.0,1.6,Direct fusion drive,10000.0,1000000.0,8132,0.009672601175138906,9672.601175138907,17804.60117513891,2026-09-23,1.16.0
Vulcan Centaur VC2,operational,LEO  →  Earth escape (C3=0),3200.0,0.003,HTP  (98% peroxide monoprop),165.0,5.0,6748,6.225608438190542,31.12804219095271,6779.128042190952,2026-09-23,1.16.0
Vulcan Centaur VC2,operational,LEO  →  average NEA,6500.0,1.5,"Nuclear electric  (NEP, xenon)",5000.0,10000.0,6748,0.14175106708479768,1417.5106708479768,8165.510670847977,2026-09-23,1.16.0
Vulcan Centaur VC2,operational,LEO  →  main-belt asteroid,10500.0,3.5,Beamed laser-thermal  (H2),900.0,10.0,6748,2.2859930847051873,22.85993084705187,6770.859930847052,2026-09-23,1.16.0
Vulcan Centaur VC2,operational,NEA  →  Earth return (aerocap),1500.0,1.5,Krypton  (Hall),2000.0,300.0,6748,0.07947921442828254,23.843764328484763,6771.843764328485,2026-09-23,1.16.0
Vulcan Centaur VC2,operational,LEO  →  TLI (trans-lunar injection),3150.0,0.01,"Argon  (Hall / ion, cryogenic)",1500.0,10.0,6748,0.23879657547648647,2.3879657547648647,6750.387965754765,2026-09-23,1.16.0
Vulcan Centaur VC2,operational,LEO  →  GTO (perigee burn),2455.0,0.001,MMH / NTO  (hypergolic),336.0,59.528301886792455,6748,1.1065688928753743,65.87216711361899,6813.872167113619,2026-09-23,1.16.0
Vulcan Centaur VC2,operational,LEO  →  GEO depot,4291.0,0.01,Hydrazine arcjet,600.0,75.0,6748,1.0735602241831108,80.5170168137333,6828.517016813733,2026-09-23,1.16.0
Vulcan Centaur VC2,operational,TLI  →  low lunar orbit (LOI),900.0,0.01,CO / LOX  (carbonaceous ISRU),260.0,0.7095541401273886,6748,0.4233008113001637,0.30035484317731365,6748.300354843177,2026-09-23,1.16.0
Vulcan Centaur VC2,operational,Low Mars orbit  →  Earth (TEI),2100.0,0.7,UDMH / NTO  (hypergolic),318.0,47.5,6748,0.9608881319103131,45.64218626573987,6793.64218626574,2026-09-23,1.16.0
Vulcan Centaur VC2,operational,LEO  →  Mars 1-sol orbit depot,4500.0,0.7,Mercury ion  (RETIRED),3000.0,60.0,6748,0.16527537438270223,9.916522462962135,6757.916522462962,2026-09-23,1.16.0
Vulcan Centaur VC2,operational,NEA  →  LEO delivery (propulsive),3626.0,1.5,Antimatter-catalysed,100000.0,6.25e+16,6748,0.0037043351408598824,231520946303742.66,231520946310490.66,2026-09-23,1.16.0
Vulcan Centaur VC4,operational,LEO  →  GTO,2440.0,0.001,HTP / RP-1  (peroxide bipropellant),320.0,4.6875,5607,1.1760985389137675,5.512961901158285,5612.512961901159,2026-09-23,1.16.0
Vulcan Centaur VC4,operational,LEO  →  easy NEA (low-Δv class),4500.0,1.0,Solar thermal  (LH2),800.0,10.0,5607,0.7746271948548664,7.746271948548664,5614.746271948548,2026-09-23,1.16.0
Vulcan Centaur VC4,operational,LEO  →  main-belt asteroid,10500.0,3.5,kerolox  (RP-1 / LOX),340.0,0.896969696969697,5607,22.315621787682602,20.01643651258803,5627.016436512588,2026-09-23,1.16.0
Vulcan Centaur VC4,operational,NEA  →  Earth return (propulsive),5500.0,1.5,Iodine  (Hall / gridded),2000.0,60.0,5607,0.3236882361071216,19.421294166427295,5626.421294166427,2026-09-23,1.16.0
Vulcan Centaur VC4,operational,Main belt  →  Earth return,7500.0,4.0,MPD  (lithium magnetoplasmadynamic),4000.0,80.0,5607,0.21069768175604353,16.855814540483482,5623.855814540483,2026-09-23,1.16.0
Vulcan Centaur VC4,operational,LEO  →  cislunar NRHO depot,3600.0,0.02,Hydrazine  (monoprop),220.0,75.0,5607,4.304876704010455,322.86575280078415,5929.865752800784,2026-09-23,1.16.0
Vulcan Centaur VC4,operational,GTO  →  GEO (circularise + plane change),1836.0,0.01,Electrospray  (ionic liquid),2500.0,2000.0,5607,0.07776339008796973,155.52678017593945,5762.526780175939,2026-09-23,1.16.0
Vulcan Centaur VC4,operational,GEO  →  Earth (deorbit to entry),1488.0,0.01,Mass driver  (regolith reaction mass),306.0,0.1,5607,0.6419129608306537,0.06419129608306538,5607.064191296083,2026-09-23,1.16.0
Vulcan Centaur VC4,operational,LEO  →  trans-Mars injection,3600.0,0.7,Aerozine-50 / NTO  (hypergolic),320.0,53.33333333333333,5607,2.149301680718452,114.62942297165077,5721.6294229716505,2026-09-23,1.16.0
Vulcan Centaur VC4,operational,Mars arrival  →  1-sol orbit (MOI),900.0,0.01,Solar sail  (photonic),inf,0.0,5607,0.0,0.0,5607.0,2026-09-23,1.16.0
Vulcan Centaur VC4,operational,1-sol Mars orbit  →  Earth (TEI),900.0,0.7,Magnetic sail / electric sail,inf,0.0,5607,0.0,0.0,5607.0,2026-09-23,1.16.0
Vulcan Centaur VC4,operational,NEA  →  LEO delivery (aerobraked),100.0,2.0,Cold gas  (GN2),70.0,1.0,5607,0.15681870825492572,0.15681870825492572,5607.156818708255,2026-09-23,1.16.0
Vulcan Centaur VC6,operational,LEO  →  Earth escape (C3=0),3200.0,0.003,Solar thermal steam  (water),190.0,2.0,4848,4.57012101409357,9.14024202818714,4857.1402420281875,2026-09-23,1.16.0
Vulcan Centaur VC6,operational,LEO  →  hard NEA,8500.0,2.0,hydrolox  (LH2 / LOX),452.0,1.5999999999999999,4848,5.804661708259534,9.287458733215253,4857.287458733215,2026-09-23,1.16.0
Vulcan Centaur VC6,operational,Asteroid station-keeping,200.0,0.5,Water  (electrothermal / resistojet),190.0,2.0,4848,0.11331110074959683,0.22662220149919365,4848.2266222015,2026-09-23,1.16.0
Vulcan Centaur VC6,operational,NEA  →  Earth return (aerocap),1500.0,1.5,"Metal / water  (ALICE, Al + H2O)",210.0,2.5,4848,1.0716983370179847,2.6792458425449617,4850.679245842545,2026-09-23,1.16.0
Vulcan Centaur VC6,operational,TLI  →  NRHO insertion,450.0,0.01,Xenon  (Hall / ion),3000.0,10000.0,4848,0.015413321793718682,154.13321793718683,5002.133217937187,2026-09-23,1.16.0
Vulcan Centaur VC6,operational,LEO  →  GTO (perigee burn),2455.0,0.001,FEEP  (indium field emission),6000.0,250.0,4848,0.042606041914893256,10.651510478723313,4858.651510478723,2026-09-23,1.16.0
Vulcan Centaur VC6,operational,LEO  →  GEO depot,4291.0,0.01,Nuclear pulse  (Orion),10000.0,50000.0,4848,0.04472743401250123,2236.3717006250617,7084.371700625062,2026-09-23,1.16.0
Vulcan Centaur VC6,operational,NRHO  →  low lunar orbit,730.0,0.01,Green monoprop  (ASCENT / AF-M315E),235.0,500.0,4848,0.37267708356440754,186.33854178220378,5034.338541782204,2026-09-23,1.16.0
Vulcan Centaur VC6,operational,Low Mars orbit  →  Earth (TEI),2100.0,0.7,"Nuclear thermal  (LH2, NTP)",900.0,10.0,4848,0.26862518552543113,2.6862518552543113,4850.686251855254,2026-09-23,1.16.0
Vulcan Centaur VC6,operational,LEO  →  Mars 1-sol orbit depot,4500.0,0.7,Momentum-exchange tether,inf,0.0,4848,0.0,0.0,4848.0,2026-09-23,1.16.0
Vulcan Centaur VC6,operational,NEA  →  cislunar NRHO (Oberth capture),944.0,1.6,Solid  (APCP),285.0,15.0,4848,0.40180211429055324,6.027031714358299,4854.027031714359,2026-09-23,1.16.0
New Glenn,operational,LEO  →  GTO,2440.0,0.001,"VASIMR  (argon, variable Isp)",4000.0,10.0,1922,0.06417802003961137,0.6417802003961137,1922.6417802003962,2026-09-23,1.16.0
New Glenn,operational,LEO  →  average NEA,6500.0,1.5,methalox  (LCH4 / LOX),380.0,0.24347826086956526,1922,4.721616766480634,1.149611038795285,1923.1496110387952,2026-09-23,1.16.0
New Glenn,operational,LEO  →  main-belt asteroid,10500.0,3.5,Water  (gridded ion / ECR),900.0,2.0,1922,2.2859930847051873,4.5719861694103745,1926.5719861694104,2026-09-23,1.16.0
New Glenn,operational,NEA  →  Earth return (propulsive),5500.0,1.5,Li / F2 / H2  (tripropellant),542.0,37.5609756097561,1922,1.8144514471166673,68.1525665502358,1990.1525665502359,2026-09-23,1.16.0
New Glenn,operational,LEO  →  TLI (trans-lunar injection),3150.0,0.01,Argon  (Hall / ion),1500.0,10.0,1922,0.23879657547648647,2.3879657547648647,1924.3879657547648,2026-09-23,1.16.0
New Glenn,operational,LEO  →  cislunar NRHO depot,3600.0,0.02,PPT  (PTFE pulsed plasma),1000.0,25.0,1922,0.4435391432723721,11.088478581809301,1933.0884785818093,2026-09-23,1.16.0
New Glenn,operational,GTO  →  GEO (circularise + plane change),1836.0,0.01,Direct fusion drive,10000.0,1000000.0,1922,0.018898344973720338,18898.344973720337,20820.344973720337,2026-09-23,1.16.0
New Glenn,operational,TLI  →  low lunar orbit (LOI),900.0,0.01,HTP  (98% peroxide monoprop),165.0,5.0,1922,0.7440479919750906,3.720239959875453,1925.7202399598755,2026-09-23,1.16.0
New Glenn,operational,LEO  →  trans-Mars injection,3600.0,0.7,"Nuclear electric  (NEP, xenon)",5000.0,10000.0,1922,0.07618197300591745,761.8197300591745,2683.8197300591746,2026-09-23,1.16.0
New Glenn,operational,Mars arrival  →  1-sol orbit (MOI),900.0,0.01,Beamed laser-thermal  (H2),900.0,10.0,1922,0.10735204606807192,1.0735204606807192,1923.0735204606808,2026-09-23,1.16.0
New Glenn,operational,NEA  →  LEO delivery (propulsive),3626.0,1.5,Krypton  (Hall),2000.0,300.0,1922,0.20306750513560945,60.920251540682834,1982.9202515406828,2026-09-23,1.16.0
New Glenn,operational,NEA  →  LEO delivery (aerobraked),100.0,2.0,"Argon  (Hall / ion, cryogenic)",1500.0,10.0,1922,0.006821267674013143,0.06821267674013143,1922.0682126767401,2026-09-23,1.16.0
Electron,operational,LEO  →  easy NEA (low-Δv class),4500.0,1.0,MMH / NTO  (hypergolic),336.0,59.528301886792455,24194,2.9184311492530077,173.72925048855168,24367.72925048855,2026-09-23,1.16.0
Electron,operational,LEO  →  hard NEA,8500.0,2.0,Hydrazine arcjet,600.0,75.0,24194,3.24014712691267,243.01103451845026,24437.01103451845,2026-09-23,1.16.0
Electron,operational,Asteroid station-keeping,200.0,0.5,CO / LOX  (carbonaceous ISRU),260.0,0.7095541401273886,24194,0.08159814222818107,0.057898299644709376,24194.057898299645,2026-09-23,1.16.0
Electron,operational,Main belt  →  Earth return,7500.0,4.0,UDMH / NTO  (hypergolic),318.0,47.5,24194,10.078331333901902,478.72073836034036,24672.72073836034,2026-09-23,1.16.0
Electron,operational,TLI  →  NRHO insertion,450.0,0.01,Mercury ion  (RETIRED),3000.0,60.0,24194,0.015413321793718682,0.9247993076231209,24194.924799307624,2026-09-23,1.16.0
Electron,operational,LEO  →  GTO (perigee burn),2455.0,0.001,Antimatter-catalysed,100000.0,6.25e+16,24194,0.0025065394333629865,156658714585186.66,156658714609380.66,2026-09-23,1.16.0
Electron,operational,GEO  →  Earth (deorbit to entry),1488.0,0.01,HTP / RP-1  (peroxide bipropellant),320.0,4.6875,24194,0.6066769487883765,2.843798197445515,24196.843798197446,2026-09-23,1.16.0
Electron,operational,NRHO  →  low lunar orbit,730.0,0.01,Solar thermal  (LH2),800.0,10.0,24194,0.09751562682883441,0.9751562682883441,24194.975156268287,2026-09-23,1.16.0
Electron,operational,Mars arrival  →  1-sol orbit (MOI),900.0,0.01,kerolox  (RP-1 / LOX),340.0,0.896969696969697,24194,0.3098660497764605,0.27794045676918877,24194.27794045677,2026-09-23,1.16.0
Electron,operational,1-sol Mars orbit  →  Earth (TEI),900.0,0.7,Iodine  (Hall / gridded),2000.0,60.0,24194,0.04695633859769743,2.817380315861846,24196.81738031586,2026-09-23,1.16.0
Electron,operational,NEA  →  cislunar NRHO (Oberth capture),944.0,1.6,MPD  (lithium magnetoplasmadynamic),4000.0,80.0,24194,0.024357208922508367,1.9485767138006693,24195.9485767138,2026-09-23,1.16.0
Alpha,operational,LEO  →  Earth escape (C3=0),3200.0,0.003,Hydrazine  (monoprop),220.0,75.0,15728,3.407129552956179,255.5347164717134,15983.534716471713,2026-09-23,1.16.0
Alpha,operational,LEO  →  average NEA,6500.0,1.5,Electrospray  (ionic liquid),2500.0,2000.0,15728,0.303595499189274,607.190998378548,16335.190998378548,2026-09-23,1.16.0
Alpha,operational,LEO  →  main-belt asteroid,10500.0,3.5,Mass driver  (regolith reaction mass),306.0,0.1,15728,32.08322052278329,3.2083220522783296,15731.208322052278,2026-09-23,1.16.0
Alpha,operational,NEA  →  Earth return (aerocap),1500.0,1.5,Aerozine-50 / NTO  (hypergolic),320.0,53.33333333333333,15728,0.6128325400818613,32.684402137699266,15760.6844021377,2026-09-23,1.16.0
Alpha,operational,LEO  →  TLI (trans-lunar injection),3150.0,0.01,Solar sail  (photonic),inf,0.0,15728,0.0,0.0,15728.0,2026-09-23,1.16.0
Alpha,operational,LEO  →  cislunar NRHO depot,3600.0,0.02,Magnetic sail / electric sail,inf,0.0,15728,0.0,0.0,15728.0,2026-09-23,1.16.0
Alpha,operational,LEO  →  GEO depot,4291.0,0.01,Cold gas  (GN2),70.0,1.0,15728,517.4587072077788,517.4587072077788,16245.45870720778,2026-09-23,1.16.0
Alpha,operational,TLI  →  low lunar orbit (LOI),900.0,0.01,Solar thermal steam  (water),190.0,2.0,15728,0.6209679475573551,1.2419358951147101,15729.241935895116,2026-09-23,1.16.0
Alpha,operational,Low Mars orbit  →  Earth (TEI),2100.0,0.7,hydrolox  (LH2 / LOX),452.0,1.5999999999999999,15728,0.6060246391718906,0.9696394226750249,15728.969639422676,2026-09-23,1.16.0
Alpha,operational,LEO  →  Mars 1-sol orbit depot,4500.0,0.7,Water  (electrothermal / resistojet),190.0,2.0,15728,10.191083515284166,20.382167030568333,15748.382167030568,2026-09-23,1.16.0
Alpha,operational,NEA  →  LEO delivery (propulsive),3626.0,1.5,"Metal / water  (ALICE, Al + H2O)",210.0,2.5,15728,4.816565657801244,12.041414144503111,15740.041414144504,2026-09-23,1.16.0
Minotaur IV,operational,LEO  →  GTO,2440.0,0.001,Xenon  (Hall / ion),3000.0,10000.0,36145,0.08647327019190931,864.7327019190931,37009.73270191909,2026-09-23,1.16.0
Minotaur IV,operational,LEO  →  easy NEA (low-Δv class),4500.0,1.0,FEEP  (indium field emission),6000.0,250.0,36145,0.07947921442828254,19.869803607070637,36164.86980360707,2026-09-23,1.16.0
Minotaur IV,operational,LEO  →  hard NEA,8500.0,2.0,Nuclear pulse  (Orion),10000.0,50000.0,36145,0.09054315351303877,4527.157675651938,40672.157675651935,2026-09-23,1.16.0
Minotaur IV,operational,NEA  →  Earth return (propulsive),5500.0,1.5,Green monoprop  (ASCENT / AF-M315E),235.0,500.0,36145,9.87612326265775,4938.061631328875,41083.06163132888,2026-09-23,1.16.0
Minotaur IV,operational,Main belt  →  Earth return,7500.0,4.0,"Nuclear thermal  (LH2, NTP)",900.0,10.0,36145,1.3390936161683666,13.390936161683666,36158.39093616168,2026-09-23,1.16.0
Minotaur IV,operational,TLI  →  NRHO insertion,450.0,0.01,Momentum-exchange tether,inf,0.0,36145,0.0,0.0,36145.0,2026-09-23,1.16.0
Minotaur IV,operational,GTO  →  GEO (circularise + plane change),1836.0,0.01,Solid  (APCP),285.0,15.0,36145,0.9288267533560257,13.932401300340386,36158.93240130034,2026-09-23,1.16.0
Minotaur IV,operational,GEO  →  Earth (deorbit to entry),1488.0,0.01,"VASIMR  (argon, variable Isp)",4000.0,10.0,36145,0.03866210047200935,0.38662100472009353,36145.38662100472,2026-09-23,1.16.0
Minotaur IV,operational,LEO  →  trans-Mars injection,3600.0,0.7,methalox  (LCH4 / LOX),380.0,0.24347826086956526,36145,1.6275370870083044,0.39626989944550023,36145.396269899444,2026-09-23,1.16.0
Minotaur IV,operational,Mars arrival  →  1-sol orbit (MOI),900.0,0.01,Water  (gridded ion / ECR),900.0,2.0,36145,0.10735204606807192,0.21470409213614383,36145.21470409213,2026-09-23,1.16.0
Minotaur IV,operational,1-sol Mars orbit  →  Earth (TEI),900.0,0.7,Li / F2 / H2  (tripropellant),542.0,37.5609756097561,36145,0.1845057161786141,6.930214705245506,36151.930214705244,2026-09-23,1.16.0
Minotaur IV,operational,NEA  →  LEO delivery (aerobraked),100.0,2.0,Argon  (Hall / ion),1500.0,10.0,36145,0.006821267674013143,0.06821267674013143,36145.06821267674,2026-09-23,1.16.0
Soyuz-2.1a,operational,LEO  →  Earth escape (C3=0),3200.0,0.003,PPT  (PTFE pulsed plasma),1000.0,25.0,4557,0.3858437891195563,9.646094727988908,4566.646094727989,2026-09-23,1.16.0
Soyuz-2.1a,operational,LEO  →  average NEA,6500.0,1.5,Direct fusion drive,10000.0,1000000.0,4557,0.0685275228485216,68527.52284852159,73084.52284852159,2026-09-23,1.16.0
Soyuz-2.1a,operational,Asteroid station-keeping,200.0,0.5,HTP  (98% peroxide monoprop),165.0,5.0,4557,0.13156537896075782,0.6578268948037891,4557.657826894804,2026-09-23,1.16.0
Soyuz-2.1a,operational,NEA  →  Earth return (aerocap),1500.0,1.5,"Nuclear electric  (NEP, xenon)",5000.0,10000.0,4557,0.031064214076153895,310.64214076153894,4867.642140761539,2026-09-23,1.16.0
Soyuz-2.1a,operational,LEO  →  TLI (trans-lunar injection),3150.0,0.01,Beamed laser-thermal  (H2),900.0,10.0,4557,0.42889393726087466,4.288939372608747,4561.288939372609,2026-09-23,1.16.0
Soyuz-2.1a,operational,LEO  →  GTO (perigee burn),2455.0,0.001,Krypton  (Hall),2000.0,300.0,4557,0.13334129184218235,40.0023875526547,4597.002387552655,2026-09-23,1.16.0
Soyuz-2.1a,operational,LEO  →  GEO depot,4291.0,0.01,"Argon  (Hall / ion, cryogenic)",1500.0,10.0,4557,0.33871047427454104,3.3871047427454104,4560.387104742746,2026-09-23,1.16.0
Soyuz-2.1a,operational,NRHO  →  low lunar orbit,730.0,0.01,MMH / NTO  (hypergolic),336.0,59.528301886792455,4557,0.2480040145740363,14.763257848699709,4571.7632578487,2026-09-23,1.16.0
Soyuz-2.1a,operational,Low Mars orbit  →  Earth (TEI),2100.0,0.7,Hydrazine arcjet,600.0,75.0,4557,0.42889393726087466,32.1670452945656,4589.1670452945655,2026-09-23,1.16.0
Soyuz-2.1a,operational,LEO  →  Mars 1-sol orbit depot,4500.0,0.7,CO / LOX  (carbonaceous ISRU),260.0,0.7095541401273886,4557,4.840949945651363,3.434916076086381,4560.434916076087,2026-09-23,1.16.0
Soyuz-2.1a,operational,NEA  →  cislunar NRHO (Oberth capture),944.0,1.6,UDMH / NTO  (hypergolic),318.0,47.5,4557,0.35351946220219155,16.792174454604098,4573.792174454604,2026-09-23,1.16.0
Soyuz-2.1b,operational,LEO  →  GTO,2440.0,0.001,Mercury ion  (RETIRED),3000.0,60.0,5922,0.08647327019190931,5.188396211514559,5927.188396211514,2026-09-23,1.16.0
Soyuz-2.1b,operational,LEO  →  easy NEA (low-Δv class),4500.0,1.0,Antimatter-catalysed,100000.0,6.25e+16,5922,0.004599267269733698,287454204358356.1,287454204364278.1,2026-09-23,1.16.0
Soyuz-2.1b,operational,LEO  →  main-belt asteroid,10500.0,3.5,HTP / RP-1  (peroxide bipropellant),320.0,4.6875,5922,27.38735568973286,128.3782297956228,6050.378229795623,2026-09-23,1.16.0
Soyuz-2.1b,operational,NEA  →  Earth return (propulsive),5500.0,1.5,Solar thermal  (LH2),800.0,10.0,5922,1.0158781288496415,10.158781288496414,5932.158781288496,2026-09-23,1.16.0
Soyuz-2.1b,operational,LEO  →  TLI (trans-lunar injection),3150.0,0.01,kerolox  (RP-1 / LOX),340.0,0.896969696969697,5922,1.5721370225654416,1.410159268725366,5923.410159268726,2026-09-23,1.16.0
Soyuz-2.1b,operational,LEO  →  cislunar NRHO depot,3600.0,0.02,Iodine  (Hall / gridded),2000.0,60.0,5922,0.20147373807019697,12.088424284211818,5934.088424284212,2026-09-23,1.16.0
Soyuz-2.1b,operational,GTO  →  GEO (circularise + plane change),1836.0,0.01,MPD  (lithium magnetoplasmadynamic),4000.0,80.0,5922,0.04791761815225648,3.8334094521805184,5925.833409452181,2026-09-23,1.16.0
Soyuz-2.1b,operational,TLI  →  low lunar orbit (LOI),900.0,0.01,Hydrazine  (monoprop),220.0,75.0,5922,0.5176402062232073,38.82301546674054,5960.823015466741,2026-09-23,1.16.0
Soyuz-2.1b,operational,LEO  →  trans-Mars injection,3600.0,0.7,Electrospray  (ionic liquid),2500.0,2000.0,5922,0.1581676390229092,316.3352780458184,6238.335278045818,2026-09-23,1.16.0
Soyuz-2.1b,operational,Mars arrival  →  1-sol orbit (MOI),900.0,0.01,Mass driver  (regolith reaction mass),306.0,0.1,5922,0.34974614392166337,0.034974614392166335,5922.034974614392,2026-09-23,1.16.0
Soyuz-2.1b,operational,NEA  →  LEO delivery (propulsive),3626.0,1.5,Aerozine-50 / NTO  (hypergolic),320.0,53.33333333333333,5922,2.1755026470017573,116.02680784009371,6038.026807840094,2026-09-23,1.16.0
Soyuz-2.1b,operational,NEA  →  LEO delivery (aerobraked),100.0,2.0,Solar sail  (photonic),inf,0.0,5922,0.0,0.0,5922.0,2026-09-23,1.16.0
Angara A5,operational,LEO  →  Earth escape (C3=0),3200.0,0.003,Magnetic sail / electric sail,inf,0.0,4082,0.0,0.0,4082.0,2026-09-23,1.16.0
Angara A5,operational,LEO  →  hard NEA,8500.0,2.0,Cold gas  (GN2),70.0,1.0,4082,238533.2775688494,238533.2775688494,242615.2775688494,2026-09-23,1.16.0
Angara A5,operational,Asteroid station-keeping,200.0,0.5,Solar thermal steam  (water),190.0,2.0,4082,0.11331110074959683,0.22662220149919365,4082.226622201499,2026-09-23,1.16.0
Angara A5,operational,Main belt  →  Earth return,7500.0,4.0,hydrolox  (LH2 / LOX),452.0,1.5999999999999999,4082,4.430368473920341,7.0885895582725444,4089.0885895582724,2026-09-23,1.16.0
Angara A5,operational,TLI  →  NRHO insertion,450.0,0.01,Water  (electrothermal / resistojet),190.0,2.0,4082,0.27317239506570945,0.5463447901314189,4082.5463447901316,2026-09-23,1.16.0
Angara A5,operational,LEO  →  GTO (perigee burn),2455.0,0.001,"Metal / water  (ALICE, Al + H2O)",210.0,2.5,4082,2.2939808261121764,5.73495206528044,4087.7349520652806,2026-09-23,1.16.0
Angara A5,operational,GEO  →  Earth (deorbit to entry),1488.0,0.01,Xenon  (Hall / ion),3000.0,10000.0,4082,0.05187882693939838,518.7882693939838,4600.788269393984,2026-09-23,1.16.0
Angara A5,operational,NRHO  →  low lunar orbit,730.0,0.01,FEEP  (indium field emission),6000.0,250.0,4082,0.012483827729240726,3.1209569323101816,4085.12095693231,2026-09-23,1.16.0
Angara A5,operational,Low Mars orbit  →  Earth (TEI),2100.0,0.7,Nuclear pulse  (Orion),10000.0,50000.0,4082,0.02164496644423486,1082.248322211743,5164.248322211743,2026-09-23,1.16.0
Angara A5,operational,1-sol Mars orbit  →  Earth (TEI),900.0,0.7,Green monoprop  (ASCENT / AF-M315E),235.0,500.0,4082,0.47776322999819465,238.88161499909734,4320.881614999097,2026-09-23,1.16.0
Angara A5,operational,NEA  →  cislunar NRHO (Oberth capture),944.0,1.6,"Nuclear thermal  (LH2, NTP)",900.0,10.0,4082,0.11288628867123851,1.128862886712385,4083.1288628867123,2026-09-23,1.16.0
Proton-M,operational,LEO  →  GTO,2440.0,0.001,Momentum-exchange tether,inf,0.0,2955,0.0,0.0,2955.0,2026-09-23,1.16.0
Proton-M,operational,LEO  →  average NEA,6500.0,1.5,Solid  (APCP),285.0,15.0,2955,9.23351947925253,138.50279218878796,3093.502792188788,2026-09-23,1.16.0
Proton-M,operational,LEO  →  main-belt asteroid,10500.0,3.5,"VASIMR  (argon, variable Isp)",4000.0,10.0,2955,0.3069229824121569,3.0692298241215688,2958.0692298241215,2026-09-23,1.16.0
Proton-M,operational,NEA  →  Earth return (aerocap),1500.0,1.5,methalox  (LCH4 / LOX),380.0,0.24347826086956526,2955,0.49558817528519317,0.12066494702596009,2955.120664947026,2026-09-23,1.16.0
Proton-M,operational,LEO  →  TLI (trans-lunar injection),3150.0,0.01,Water  (gridded ion / ECR),900.0,2.0,2955,0.42889393726087466,0.8577878745217493,2955.857787874522,2026-09-23,1.16.0
Proton-M,operational,LEO  →  cislunar NRHO depot,3600.0,0.02,Li / F2 / H2  (tripropellant),542.0,37.5609756097561,2955,0.9685599422909739,36.380056368978046,2991.380056368978,2026-09-23,1.16.0
Proton-M,operational,LEO  →  GEO depot,4291.0,0.01,Argon  (Hall / ion),1500.0,10.0,2955,0.33871047427454104,3.3871047427454104,2958.3871047427456,2026-09-23,1.16.0
Proton-M,operational,TLI  →  low lunar orbit (LOI),900.0,0.01,PPT  (PTFE pulsed plasma),1000.0,25.0,2955,0.09611757492989637,2.402939373247409,2957.4029393732476,2026-09-23,1.16.0
Proton-M,operational,LEO  →  trans-Mars injection,3600.0,0.7,Direct fusion drive,10000.0,1000000.0,2955,0.03739190907097267,37391.90907097267,40346.90907097267,2026-09-23,1.16.0
Proton-M,operational,LEO  →  Mars 1-sol orbit depot,4500.0,0.7,HTP  (98% peroxide monoprop),165.0,5.0,2955,15.135861498216599,75.679307491083,3030.679307491083,2026-09-23,1.16.0
Proton-M,operational,NEA  →  LEO delivery (propulsive),3626.0,1.5,"Nuclear electric  (NEP, xenon)",5000.0,10000.0,2955,0.07675277243354928,767.5277243354927,3722.5277243354926,2026-09-23,1.16.0
Proton-M,operational,NEA  →  LEO delivery (aerobraked),100.0,2.0,Beamed laser-thermal  (H2),900.0,10.0,2955,0.011394609738294648,0.11394609738294648,2955.1139460973827,2026-09-23,1.16.0
Ariane 6 (A62),operational,LEO  →  easy NEA (low-Δv class),4500.0,1.0,Krypton  (Hall),2000.0,300.0,9311,0.25789054573126236,77.36716371937871,9388.367163719378,2026-09-23,1.16.0
Ariane 6 (A62),operational,LEO  →  hard NEA,8500.0,2.0,"Argon  (Hall / ion, cryogenic)",1500.0,10.0,9311,0.7821833029274281,7.821833029274281,9318.821833029275,2026-09-23,1.16.0
Ariane 6 (A62),operational,NEA  →  Earth return (propulsive),5500.0,1.5,MMH / NTO  (hypergolic),336.0,59.528301886792455,9311,4.30780471348827,256.4362994538772,9567.436299453877,2026-09-23,1.16.0
Ariane 6 (A62),operational,Main belt  →  Earth return,7500.0,4.0,Hydrazine arcjet,600.0,75.0,9311,2.5774321489697165,193.30741117272873,9504.30741117273,2026-09-23,1.16.0
Ariane 6 (A62),operational,TLI  →  NRHO insertion,450.0,0.01,CO / LOX  (carbonaceous ISRU),260.0,0.7095541401273886,9311,0.19302171451326222,0.13695935666737205,9311.136959356667,2026-09-23,1.16.0
Ariane 6 (A62),operational,GTO  →  GEO (circularise + plane change),1836.0,0.01,UDMH / NTO  (hypergolic),318.0,47.5,9311,0.8017200888708529,38.08170422136551,9349.081704221366,2026-09-23,1.16.0
Ariane 6 (A62),operational,GEO  →  Earth (deorbit to entry),1488.0,0.01,Mercury ion  (RETIRED),3000.0,60.0,9311,0.05187882693939838,3.112729616363903,9314.112729616363,2026-09-23,1.16.0
Ariane 6 (A62),operational,NRHO  →  low lunar orbit,730.0,0.01,Antimatter-catalysed,100000.0,6.25e+16,9311,0.0007446699645807797,46541872786298.734,46541872795609.734,2026-09-23,1.16.0
Ariane 6 (A62),operational,Mars arrival  →  1-sol orbit (MOI),900.0,0.01,HTP / RP-1  (peroxide bipropellant),320.0,4.6875,9311,0.3321513408223806,1.5569594101049091,9312.556959410105,2026-09-23,1.16.0
Ariane 6 (A62),operational,1-sol Mars orbit  →  Earth (TEI),900.0,0.7,Solar thermal  (LH2),800.0,10.0,9311,0.12155719681666799,1.21557196816668,9312.215571968167,2026-09-23,1.16.0
Ariane 6 (A62),operational,NEA  →  LEO delivery (aerobraked),100.0,2.0,kerolox  (RP-1 / LOX),340.0,0.896969696969697,9311,0.03044593311812971,0.027309079402928465,9311.027309079403,2026-09-23,1.16.0
Ariane 6 (A64),operational,LEO  →  Earth escape (C3=0),3200.0,0.003,Iodine  (Hall / gridded),2000.0,60.0,5694,0.17721866665439712,10.633119999263826,5704.633119999264,2026-09-23,1.16.0
Ariane 6 (A64),operational,LEO  →  average NEA,6500.0,1.5,MPD  (lithium magnetoplasmadynamic),4000.0,80.0,5694,0.18022356761132197,14.417885408905757,5708.417885408906,2026-09-23,1.16.0
Ariane 6 (A64),operational,Asteroid station-keeping,200.0,0.5,Hydrazine  (monoprop),220.0,75.0,5694,0.09713416320096546,7.28506224007241,5701.285062240072,2026-09-23,1.16.0
Ariane 6 (A64),operational,NEA  →  Earth return (aerocap),1500.0,1.5,Electrospray  (ionic liquid),2500.0,2000.0,5694,0.06309341354847708,126.18682709695418,5820.186827096954,2026-09-23,1.16.0
Ariane 6 (A64),operational,LEO  →  TLI (trans-lunar injection),3150.0,0.01,Mass driver  (regolith reaction mass),306.0,0.1,5694,1.8568164237981435,0.18568164237981435,5694.18568164238,2026-09-23,1.16.0
Ariane 6 (A64),operational,LEO  →  GTO (perigee burn),2455.0,0.001,Aerozine-50 / NTO  (hypergolic),320.0,53.33333333333333,5694,1.1865250143003627,63.28133409601934,5757.281334096019,2026-09-23,1.16.0
Ariane 6 (A64),operational,LEO  →  GEO depot,4291.0,0.01,Solar sail  (photonic),inf,0.0,5694,0.0,0.0,5694.0,2026-09-23,1.16.0
Ariane 6 (A64),operational,TLI  →  low lunar orbit (LOI),900.0,0.01,Magnetic sail / electric sail,inf,0.0,5694,0.0,0.0,5694.0,2026-09-23,1.16.0
Ariane 6 (A64),operational,Low Mars orbit  →  Earth (TEI),2100.0,0.7,Cold gas  (GN2),70.0,1.0,5694,20.30940743730244,20.30940743730244,5714.309407437302,2026-09-23,1.16.0
Ariane 6 (A64),operational,LEO  →  Mars 1-sol orbit depot,4500.0,0.7,Solar thermal steam  (water),190.0,2.0,5694,10.191083515284166,20.382167030568333,5714.382167030569,2026-09-23,1.16.0
Ariane 6 (A64),operational,NEA  →  cislunar NRHO (Oberth capture),944.0,1.6,hydrolox  (LH2 / LOX),452.0,1.5999999999999999,5694,0.2373441645299328,0.3797506632478924,5694.379750663248,2026-09-23,1.16.0
Vega C,operational,LEO  →  GTO,2440.0,0.001,Water  (electrothermal / resistojet),190.0,2.0,16581,2.704433311030121,5.408866622060242,16586.40886662206,2026-09-23,1.16.0
Vega C,operational,LEO  →  easy NEA (low-Δv class),4500.0,1.0,"Metal / water  (ALICE, Al + H2O)",210.0,2.5,16581,7.891592529568653,19.728981323921634,16600.728981323922,2026-09-23,1.16.0
Vega C,operational,LEO  →  main-belt asteroid,10500.0,3.5,Xenon  (Hall / ion),3000.0,10000.0,16581,0.42889393726087466,4288.939372608746,20869.939372608747,2026-09-23,1.16.0
Vega C,operational,NEA  →  Earth return (propulsive),5500.0,1.5,FEEP  (indium field emission),6000.0,250.0,16581,0.09798204027321344,24.49551006830336,16605.495510068304,2026-09-23,1.16.0
Vega C,operational,Main belt  →  Earth return,7500.0,4.0,Nuclear pulse  (Orion),10000.0,50000.0,16581,0.07947921442828254,3973.960721414127,20554.96072141413,2026-09-23,1.16.0
Vega C,operational,LEO  →  cislunar NRHO depot,3600.0,0.02,Green monoprop  (ASCENT / AF-M315E),235.0,500.0,16581,3.768913274651964,1884.456637325982,18465.45663732598,2026-09-23,1.16.0
Vega C,operational,GTO  →  GEO (circularise + plane change),1836.0,0.01,"Nuclear thermal  (LH2, NTP)",900.0,10.0,16581,0.231240388830245,2.31240388830245,16583.312403888303,2026-09-23,1.16.0
Vega C,operational,GEO  →  Earth (deorbit to entry),1488.0,0.01,Momentum-exchange tether,inf,0.0,16581,0.0,0.0,16581.0,2026-09-23,1.16.0
Vega C,operational,LEO  →  trans-Mars injection,3600.0,0.7,Solid  (APCP),285.0,15.0,16581,2.6257551534851893,39.38632730227784,16620.386327302276,2026-09-23,1.16.0
Vega C,operational,Mars arrival  →  1-sol orbit (MOI),900.0,0.01,"VASIMR  (argon, variable Isp)",4000.0,10.0,16581,0.02320884407714985,0.23208844077149848,16581.23208844077,2026-09-23,1.16.0
Vega C,operational,NEA  →  LEO delivery (propulsive),3626.0,1.5,methalox  (LCH4 / LOX),380.0,0.24347826086956526,16581,1.6459335295725457,0.40074903328722855,16581.400749033288,2026-09-23,1.16.0
Vega C,operational,NEA  →  LEO delivery (aerobraked),100.0,2.0,Water  (gridded ion / ECR),900.0,2.0,16581,0.011394609738294648,0.022789219476589295,16581.022789219478,2026-09-23,1.16.0
Spectrum,operational,LEO  →  Earth escape (C3=0),3200.0,0.003,Li / F2 / H2  (tripropellant),542.0,37.5609756097561,11500,0.8258515347686033,31.019789354723148,11531.019789354723,2026-09-23,1.16.0
Spectrum,operational,LEO  →  hard NEA,8500.0,2.0,Argon  (Hall / ion),1500.0,10.0,11500,0.7821833029274281,7.821833029274281,11507.821833029275,2026-09-23,1.16.0
Spectrum,operational,Asteroid station-keeping,200.0,0.5,PPT  (PTFE pulsed plasma),1000.0,25.0,11500,0.020603709491569422,0.5150927372892355,11500.515092737289,2026-09-23,1.16.0
Spectrum,operational,NEA  →  Earth return (aerocap),1500.0,1.5,Direct fusion drive,10000.0,1000000.0,11500,0.015413321793718682,15413.321793718682,26913.321793718682,2026-09-23,1.16.0
Spectrum,operational,TLI  →  NRHO insertion,450.0,0.01,HTP  (98% peroxide monoprop),165.0,5.0,11500,0.3206240918501717,1.6031204592508586,11501.603120459251,2026-09-23,1.16.0
Spectrum,operational,LEO  →  GTO (perigee burn),2455.0,0.001,"Nuclear electric  (NEP, xenon)",5000.0,10000.0,11500,0.05134265468993826,513.4265468993826,12013.426546899384,2026-09-23,1.16.0
Spectrum,operational,LEO  →  GEO depot,4291.0,0.01,Beamed laser-thermal  (H2),900.0,10.0,11500,0.6260894631306189,6.260894631306188,11506.260894631307,2026-09-23,1.16.0
Spectrum,operational,NRHO  →  low lunar orbit,730.0,0.01,Krypton  (Hall),2000.0,300.0,11500,0.03792096660609423,11.376289981828268,11511.376289981828,2026-09-23,1.16.0
Spectrum,operational,Low Mars orbit  →  Earth (TEI),2100.0,0.7,"Argon  (Hall / ion, cryogenic)",1500.0,10.0,11500,0.15345325095952078,1.5345325095952078,11501.534532509595,2026-09-23,1.16.0
Spectrum,operational,1-sol Mars orbit  →  Earth (TEI),900.0,0.7,MMH / NTO  (hypergolic),336.0,59.528301886792455,11500,0.31408193212429425,18.696764072682047,11518.696764072682,2026-09-23,1.16.0
Spectrum,operational,NEA  →  cislunar NRHO (Oberth capture),944.0,1.6,Hydrazine arcjet,600.0,75.0,11500,0.17402187116153534,13.05164033711515,11513.051640337115,2026-09-23,1.16.0
H3 (24L),operational,LEO  →  GTO,2440.0,0.001,CO / LOX  (carbonaceous ISRU),260.0,0.7095541401273886,3778,1.6037805485000542,1.1379691280439876,3779.137969128044,2026-09-23,1.16.0
H3 (24L),operational,LEO  →  average NEA,6500.0,1.5,UDMH / NTO  (hypergolic),318.0,47.5,3778,7.039167978421506,334.3604789750216,4112.360478975022,2026-09-23,1.16.0
H3 (24L),operational,LEO  →  main-belt asteroid,10500.0,3.5,Mercury ion  (RETIRED),3000.0,60.0,3778,0.42889393726087466,25.73363623565248,3803.7336362356523,2026-09-23,1.16.0
H3 (24L),operational,NEA  →  Earth return (propulsive),5500.0,1.5,Antimatter-catalysed,100000.0,6.25e+16,3778,0.005624195909478047,351512244342377.94,351512244346155.94,2026-09-23,1.16.0
H3 (24L),operational,LEO  →  TLI (trans-lunar injection),3150.0,0.01,HTP / RP-1  (peroxide bipropellant),320.0,4.6875,3778,1.7285849654650014,8.102742025617195,3786.1027420256173,2026-09-23,1.16.0
H3 (24L),operational,LEO  →  cislunar NRHO depot,3600.0,0.02,Solar thermal  (LH2),800.0,10.0,3778,0.5822886250400927,5.822886250400927,3783.822886250401,2026-09-23,1.16.0
H3 (24L),operational,LEO  →  GEO depot,4291.0,0.01,kerolox  (RP-1 / LOX),340.0,0.896969696969697,3778,2.621693898241904,2.351579981453344,3780.351579981453,2026-09-23,1.16.0
H3 (24L),operational,TLI  →  low lunar orbit (LOI),900.0,0.01,Iodine  (Hall / gridded),2000.0,60.0,3778,0.04695633859769743,2.817380315861846,3780.817380315862,2026-09-23,1.16.0
H3 (24L),operational,LEO  →  trans-Mars injection,3600.0,0.7,MPD  (lithium magnetoplasmadynamic),4000.0,80.0,3778,0.09611757492989637,7.689405994391709,3785.6894059943916,2026-09-23,1.16.0
H3 (24L),operational,LEO  →  Mars 1-sol orbit depot,4500.0,0.7,Hydrazine  (monoprop),220.0,75.0,3778,7.050894175063117,528.8170631297338,4306.8170631297335,2026-09-23,1.16.0
H3 (24L),operational,NEA  →  LEO delivery (propulsive),3626.0,1.5,Electrospray  (ionic liquid),2500.0,2000.0,3778,0.1593965329433349,318.79306588666975,4096.79306588667,2026-09-23,1.16.0
H3 (24L),operational,NEA  →  LEO delivery (aerobraked),100.0,2.0,Mass driver  (regolith reaction mass),306.0,0.1,3778,0.033885525126160276,0.0033885525126160277,3778.0033885525127,2026-09-23,1.16.0
H3 (30),operational,LEO  →  easy NEA (low-Δv class),4500.0,1.0,Aerozine-50 / NTO  (hypergolic),320.0,53.33333333333333,9075,3.1953464566232626,170.418477686574,9245.418477686573,2026-09-23,1.16.0
H3 (30),operational,LEO  →  hard NEA,8500.0,2.0,Solar sail  (photonic),inf,0.0,9075,0.0,0.0,9075.0,2026-09-23,1.16.0
H3 (30),operational,Asteroid station-keeping,200.0,0.5,Magnetic sail / electric sail,inf,0.0,9075,0.0,0.0,9075.0,2026-09-23,1.16.0
H3 (30),operational,Main belt  →  Earth return,7500.0,4.0,Cold gas  (GN2),70.0,1.0,9075,55576.340562764715,55576.340562764715,64651.340562764715,2026-09-23,1.16.0
H3 (30),operational,TLI  →  NRHO insertion,450.0,0.01,Solar thermal steam  (water),190.0,2.0,9075,0.27317239506570945,0.5463447901314189,9075.546344790131,2026-09-23,1.16.0
H3 (30),operational,GTO  →  GEO (circularise + plane change),1836.0,0.01,hydrolox  (LH2 / LOX),452.0,1.5999999999999999,9075,0.5131647390867919,0.821063582538867,9075.821063582538,2026-09-23,1.16.0
H3 (30),operational,GEO  →  Earth (deorbit to entry),1488.0,0.01,Water  (electrothermal / resistojet),190.0,2.0,9075,1.2224246900385758,2.4448493800771516,9077.444849380077,2026-09-23,1.16.0
H3 (30),operational,NRHO  →  low lunar orbit,730.0,0.01,"Metal / water  (ALICE, Al + H2O)",210.0,2.5,9075,0.42542893977868657,1.0635723494467164,9076.063572349447,2026-09-23,1.16.0
H3 (30),operational,Mars arrival  →  1-sol orbit (MOI),900.0,0.01,Xenon  (Hall / ion),3000.0,10000.0,9075,0.031064214076153895,310.64214076153894,9385.642140761538,2026-09-23,1.16.0
H3 (30),operational,1-sol Mars orbit  →  Earth (TEI),900.0,0.7,FEEP  (indium field emission),6000.0,250.0,9075,0.015413321793718682,3.8533304484296704,9078.85333044843,2026-09-23,1.16.0
H3 (30),operational,NEA  →  cislunar NRHO (Oberth capture),944.0,1.6,Nuclear pulse  (Orion),10000.0,50000.0,9075,0.009672601175138906,483.6300587569453,9558.630058756946,2026-09-23,1.16.0
LVM3 (GSLV Mk III),operational,LEO  →  Earth escape (C3=0),3200.0,0.003,Green monoprop  (ASCENT / AF-M315E),235.0,500.0,5179,3.009031683896202,1504.515841948101,6683.515841948101,2026-09-23,1.16.0
LVM3 (GSLV Mk III),operational,LEO  →  average NEA,6500.0,1.5,"Nuclear thermal  (LH2, NTP)",900.0,10.0,5179,1.0885325900809648,10.885325900809647,5189.885325900809,2026-09-23,1.16.0
LVM3 (GSLV Mk III),operational,LEO  →  main-belt asteroid,10500.0,3.5,Momentum-exchange tether,inf,0.0,5179,0.0,0.0,5179.0,2026-09-23,1.16.0
LVM3 (GSLV Mk III),operational,NEA  →  Earth return (aerocap),1500.0,1.5,Solid  (APCP),285.0,15.0,5179,0.710340962088438,10.65511443132657,5189.655114431326,2026-09-23,1.16.0
LVM3 (GSLV Mk III),operational,LEO  →  TLI (trans-lunar injection),3150.0,0.01,"VASIMR  (argon, variable Isp)",4000.0,10.0,5179,0.08361497604410939,0.8361497604410939,5179.836149760441,2026-09-23,1.16.0
LVM3 (GSLV Mk III),operational,LEO  →  GTO (perigee burn),2455.0,0.001,methalox  (LCH4 / LOX),380.0,0.24347826086956526,5179,0.9324533140282145,0.22703211124165226,5179.227032111242,2026-09-23,1.16.0
LVM3 (GSLV Mk III),operational,LEO  →  GEO depot,4291.0,0.01,Water  (gridded ion / ECR),900.0,2.0,5179,0.6260894631306189,1.2521789262612377,5180.252178926261,2026-09-23,1.16.0
LVM3 (GSLV Mk III),operational,TLI  →  low lunar orbit (LOI),900.0,0.01,Li / F2 / H2  (tripropellant),542.0,37.5609756097561,5179,0.1845057161786141,6.930214705245506,5185.930214705246,2026-09-23,1.16.0
LVM3 (GSLV Mk III),operational,Low Mars orbit  →  Earth (TEI),2100.0,0.7,Argon  (Hall / ion),1500.0,10.0,5179,0.15345325095952078,1.5345325095952078,5180.534532509595,2026-09-23,1.16.0
LVM3 (GSLV Mk III),operational,LEO  →  Mars 1-sol orbit depot,4500.0,0.7,PPT  (PTFE pulsed plasma),1000.0,25.0,5179,0.5822886250400927,14.557215626002318,5193.557215626002,2026-09-23,1.16.0
LVM3 (GSLV Mk III),operational,NEA  →  LEO delivery (propulsive),3626.0,1.5,Direct fusion drive,10000.0,1000000.0,5179,0.03766698532503643,37666.985325036425,42845.985325036425,2026-09-23,1.16.0
PSLV-XL,operational,LEO  →  GTO,2440.0,0.001,HTP  (98% peroxide monoprop),165.0,5.0,5868,3.517433286373323,17.587166431866613,5885.5871664318665,2026-09-23,1.16.0
PSLV-XL,operational,LEO  →  easy NEA (low-Δv class),4500.0,1.0,"Nuclear electric  (NEP, xenon)",5000.0,10000.0,5868,0.09611757492989637,961.1757492989636,6829.175749298964,2026-09-23,1.16.0
PSLV-XL,operational,LEO  →  hard NEA,8500.0,2.0,Beamed laser-thermal  (H2),900.0,10.0,5868,1.6197144211130081,16.19714421113008,5884.19714421113,2026-09-23,1.16.0
PSLV-XL,operational,NEA  →  Earth return (propulsive),5500.0,1.5,Krypton  (Hall),2000.0,300.0,5868,0.3236882361071216,97.10647083213648,5965.106470832136,2026-09-23,1.16.0
PSLV-XL,operational,Main belt  →  Earth return,7500.0,4.0,"Argon  (Hall / ion, cryogenic)",1500.0,10.0,5868,0.665054917694839,6.65054917694839,5874.6505491769485,2026-09-23,1.16.0
PSLV-XL,operational,LEO  →  cislunar NRHO depot,3600.0,0.02,MMH / NTO  (hypergolic),336.0,59.528301886792455,5868,1.9818773498533861,117.97779318466856,5985.977793184668,2026-09-23,1.16.0
PSLV-XL,operational,GTO  →  GEO (circularise + plane change),1836.0,0.01,Hydrazine arcjet,600.0,75.0,5868,0.36619999707036754,27.464999780277566,5895.464999780277,2026-09-23,1.16.0
PSLV-XL,operational,GEO  →  Earth (deorbit to entry),1488.0,0.01,CO / LOX  (carbonaceous ISRU),260.0,0.7095541401273886,5868,0.7924643998094754,0.5622963957883794,5868.5622963957885,2026-09-23,1.16.0
PSLV-XL,operational,LEO  →  trans-Mars injection,3600.0,0.7,UDMH / NTO  (hypergolic),318.0,47.5,5868,2.172105975221663,103.175033823029,5971.175033823029,2026-09-23,1.16.0
PSLV-XL,operational,Mars arrival  →  1-sol orbit (MOI),900.0,0.01,Mercury ion  (RETIRED),3000.0,60.0,5868,0.031064214076153895,1.8638528445692337,5869.863852844569,2026-09-23,1.16.0
PSLV-XL,operational,1-sol Mars orbit  →  Earth (TEI),900.0,0.7,Antimatter-catalysed,100000.0,6.25e+16,5868,0.0009181658481065558,57385365506659.734,57385365512527.734,2026-09-23,1.16.0
PSLV-XL,operational,NEA  →  LEO delivery (aerobraked),100.0,2.0,HTP / RP-1  (peroxide bipropellant),320.0,4.6875,5868,0.032379293147400956,0.15177793662844197,5868.151777936629,2026-09-23,1.16.0
GSLV Mk II,operational,LEO  →  Earth escape (C3=0),3200.0,0.003,Solar thermal  (LH2),800.0,10.0,7833,0.5036364664760675,5.036364664760676,7838.036364664761,2026-09-23,1.16.0
GSLV Mk II,operational,LEO  →  hard NEA,8500.0,2.0,kerolox  (RP-1 / LOX),340.0,0.896969696969697,7833,11.798020780482084,10.582467124311203,7843.582467124311,2026-09-23,1.16.0
GSLV Mk II,operational,Asteroid station-keeping,200.0,0.5,Iodine  (Hall / gridded),2000.0,60.0,7833,0.010249330359376918,0.6149598215626151,7833.6149598215625,2026-09-23,1.16.0
GSLV Mk II,operational,NEA  →  Earth return (aerocap),1500.0,1.5,MPD  (lithium magnetoplasmadynamic),4000.0,80.0,7833,0.03897989125308987,3.1183913002471897,7836.118391300247,2026-09-23,1.16.0
GSLV Mk II,operational,TLI  →  NRHO insertion,450.0,0.01,Hydrazine  (monoprop),220.0,75.0,7833,0.23192540611159052,17.394405458369288,7850.394405458369,2026-09-23,1.16.0
GSLV Mk II,operational,LEO  →  GTO (perigee burn),2455.0,0.001,Electrospray  (ionic liquid),2500.0,2000.0,7833,0.10532137757048687,210.64275514097375,8043.642755140973,2026-09-23,1.16.0
GSLV Mk II,operational,LEO  →  GEO depot,4291.0,0.01,Mass driver  (regolith reaction mass),306.0,0.1,7833,3.1784291827849245,0.3178429182784925,7833.317842918278,2026-09-23,1.16.0
GSLV Mk II,operational,NRHO  →  low lunar orbit,730.0,0.01,Aerozine-50 / NTO  (hypergolic),320.0,53.33333333333333,7833,0.2619053497213828,13.968285318473749,7846.968285318474,2026-09-23,1.16.0
GSLV Mk II,operational,Low Mars orbit  →  Earth (TEI),2100.0,0.7,Solar sail  (photonic),inf,0.0,7833,0.0,0.0,7833.0,2026-09-23,1.16.0
GSLV Mk II,operational,LEO  →  Mars 1-sol orbit depot,4500.0,0.7,Magnetic sail / electric sail,inf,0.0,7833,0.0,0.0,7833.0,2026-09-23,1.16.0
GSLV Mk II,operational,NEA  →  cislunar NRHO (Oberth capture),944.0,1.6,Cold gas  (GN2),70.0,1.0,7833,2.955710179469539,2.955710179469539,7835.95571017947,2026-09-23,1.16.0
SSLV,operational,LEO  →  GTO,2440.0,0.001,Solar thermal steam  (water),190.0,2.0,7480,2.704433311030121,5.408866622060242,7485.4088666220605,2026-09-23,1.16.0
SSLV,operational,LEO  →  average NEA,6500.0,1.5,hydrolox  (LH2 / LOX),452.0,1.5999999999999999,7480,3.3336322989802945,5.333811678368471,7485.333811678369,2026-09-23,1.16.0
SSLV,operational,LEO  →  main-belt asteroid,10500.0,3.5,Water  (electrothermal / resistojet),190.0,2.0,7480,279.1356103390153,558.2712206780305,8038.271220678031,2026-09-23,1.16.0
SSLV,operational,NEA  →  Earth return (propulsive),5500.0,1.5,"Metal / water  (ALICE, Al + H2O)",210.0,2.5,7480,13.449868579952366,33.624671449880914,7513.624671449881,2026-09-23,1.16.0
SSLV,operational,LEO  →  TLI (trans-lunar injection),3150.0,0.01,Xenon  (Hall / ion),3000.0,10000.0,7480,0.1130123878360414,1130.123878360414,8610.123878360413,2026-09-23,1.16.0
SSLV,operational,LEO  →  cislunar NRHO depot,3600.0,0.02,FEEP  (indium field emission),6000.0,250.0,7480,0.06309341354847708,15.773353387119272,7495.77335338712,2026-09-23,1.16.0
SSLV,operational,GTO  →  GEO (circularise + plane change),1836.0,0.01,Nuclear pulse  (Orion),10000.0,50000.0,7480,0.018898344973720338,944.9172486860169,8424.917248686017,2026-09-23,1.16.0
SSLV,operational,TLI  →  low lunar orbit (LOI),900.0,0.01,Green monoprop  (ASCENT / AF-M315E),235.0,500.0,7480,0.47776322999819465,238.88161499909734,7718.881614999097,2026-09-23,1.16.0
SSLV,operational,LEO  →  trans-Mars injection,3600.0,0.7,"Nuclear thermal  (LH2, NTP)",900.0,10.0,7480,0.5036364664760675,5.036364664760676,7485.036364664761,2026-09-23,1.16.0
SSLV,operational,Mars arrival  →  1-sol orbit (MOI),900.0,0.01,Momentum-exchange tether,inf,0.0,7480,0.0,0.0,7480.0,2026-09-23,1.16.0
SSLV,operational,NEA  →  LEO delivery (propulsive),3626.0,1.5,Solid  (APCP),285.0,15.0,7480,2.6596417460808004,39.894626191212005,7519.894626191212,2026-09-23,1.16.0
SSLV,operational,NEA  →  LEO delivery (aerobraked),100.0,2.0,"VASIMR  (argon, variable Isp)",4000.0,10.0,7480,0.0025525427365713504,0.025525427365713504,7480.025525427366,2026-09-23,1.16.0
Nuri (KSLV-II),operational,LEO  →  easy NEA (low-Δv class),4500.0,1.0,methalox  (LCH4 / LOX),380.0,0.24347826086956526,11121,2.34530768619034,0.5710314366376481,11121.571031436637,2026-09-23,1.16.0
Nuri (KSLV-II),operational,LEO  →  hard NEA,8500.0,2.0,Water  (gridded ion / ECR),900.0,2.0,11121,1.6197144211130081,3.2394288422260162,11124.239428842226,2026-09-23,1.16.0
Nuri (KSLV-II),operational,Asteroid station-keeping,200.0,0.5,Li / F2 / H2  (tripropellant),542.0,37.5609756097561,11121,0.03834479760029952,1.4402680074258845,11122.440268007425,2026-09-23,1.16.0
Nuri (KSLV-II),operational,Main belt  →  Earth return,7500.0,4.0,Argon  (Hall / ion),1500.0,10.0,11121,0.665054917694839,6.65054917694839,11127.650549176948,2026-09-23,1.16.0
Nuri (KSLV-II),operational,TLI  →  NRHO insertion,450.0,0.01,PPT  (PTFE pulsed plasma),1000.0,25.0,11121,0.04695633859769743,1.1739084649424358,11122.173908464942,2026-09-23,1.16.0
Nuri (KSLV-II),operational,LEO  →  GTO (perigee burn),2455.0,0.001,Direct fusion drive,10000.0,1000000.0,11121,0.025350015697048756,25350.015697048755,36471.01569704876,2026-09-23,1.16.0
Nuri (KSLV-II),operational,GEO  →  Earth (deorbit to entry),1488.0,0.01,HTP  (98% peroxide monoprop),165.0,5.0,11121,1.50828341596858,7.5414170798429,11128.541417079843,2026-09-23,1.16.0
Nuri (KSLV-II),operational,NRHO  →  low lunar orbit,730.0,0.01,"Nuclear electric  (NEP, xenon)",5000.0,10000.0,11121,0.014999232879252977,149.99232879252978,11270.99232879253,2026-09-23,1.16.0
Nuri (KSLV-II),operational,Low Mars orbit  →  Earth (TEI),2100.0,0.7,Beamed laser-thermal  (H2),900.0,10.0,11121,0.26862518552543113,2.6862518552543113,11123.686251855253,2026-09-23,1.16.0
Nuri (KSLV-II),operational,1-sol Mars orbit  →  Earth (TEI),900.0,0.7,Krypton  (Hall),2000.0,300.0,11121,0.04695633859769743,14.086901579309231,11135.086901579309,2026-09-23,1.16.0
Nuri (KSLV-II),operational,NEA  →  cislunar NRHO (Oberth capture),944.0,1.6,"Argon  (Hall / ion, cryogenic)",1500.0,10.0,11121,0.06627806461631414,0.6627806461631414,11121.662780646164,2026-09-23,1.16.0
Long March 2C,operational,LEO  →  Earth escape (C3=0),3200.0,0.003,MMH / NTO  (hypergolic),336.0,59.528301886792455,7688,1.6410017556296896,97.68604790588059,7785.6860479058805,2026-09-23,1.16.0
Long March 2C,operational,LEO  →  average NEA,6500.0,1.5,Hydrazine arcjet,600.0,75.0,7688,2.0182963933613696,151.37222950210273,7839.3722295021025,2026-09-23,1.16.0
Long March 2C,operational,LEO  →  main-belt asteroid,10500.0,3.5,CO / LOX  (carbonaceous ISRU),260.0,0.7095541401273886,7688,60.441451071272624,42.886481842928475,7730.886481842928,2026-09-23,1.16.0
Long March 2C,operational,NEA  →  Earth return (aerocap),1500.0,1.5,UDMH / NTO  (hypergolic),318.0,47.5,7688,0.6176883951719225,29.34019877066632,7717.340198770667,2026-09-23,1.16.0
Long March 2C,operational,LEO  →  TLI (trans-lunar injection),3150.0,0.01,Mercury ion  (RETIRED),3000.0,60.0,7688,0.1130123878360414,6.780743270162484,7694.780743270163,2026-09-23,1.16.0
Long March 2C,operational,LEO  →  cislunar NRHO depot,3600.0,0.02,Antimatter-catalysed,100000.0,6.25e+16,7688,0.0036777246604451364,229857791277821.03,229857791285509.03,2026-09-23,1.16.0
Long March 2C,operational,LEO  →  GEO depot,4291.0,0.01,HTP / RP-1  (peroxide bipropellant),320.0,4.6875,7688,2.9250367307368115,13.711109675328803,7701.711109675329,2026-09-23,1.16.0
Long March 2C,operational,TLI  →  low lunar orbit (LOI),900.0,0.01,Solar thermal  (LH2),800.0,10.0,7688,0.12155719681666799,1.21557196816668,7689.215571968167,2026-09-23,1.16.0
Long March 2C,operational,Low Mars orbit  →  Earth (TEI),2100.0,0.7,kerolox  (RP-1 / LOX),340.0,0.896969696969697,7688,0.8772815001112217,0.7868949213118838,7688.786894921312,2026-09-23,1.16.0
Long March 2C,operational,LEO  →  Mars 1-sol orbit depot,4500.0,0.7,Iodine  (Hall / gridded),2000.0,60.0,7688,0.25789054573126236,15.47343274387574,7703.4734327438755,2026-09-23,1.16.0
Long March 2C,operational,NEA  →  LEO delivery (propulsive),3626.0,1.5,MPD  (lithium magnetoplasmadynamic),4000.0,80.0,7688,0.09684433951933658,7.747547161546926,7695.747547161547,2026-09-23,1.16.0
Long March 2D,operational,LEO  →  GTO,2440.0,0.001,Hydrazine  (monoprop),220.0,75.0,8571,2.0986235032377794,157.39676274283346,8728.396762742834,2026-09-23,1.16.0
Long March 2D,operational,LEO  →  easy NEA (low-Δv class),4500.0,1.0,Electrospray  (ionic liquid),2500.0,2000.0,8571,0.20147373807019697,402.947476140394,8973.947476140394,2026-09-23,1.16.0
Long March 2D,operational,LEO  →  hard NEA,8500.0,2.0,Mass driver  (regolith reaction mass),306.0,0.1,8571,15.98864255944789,1.598864255944789,8572.598864255944,2026-09-23,1.16.0
Long March 2D,operational,NEA  →  Earth return (propulsive),5500.0,1.5,Aerozine-50 / NTO  (hypergolic),320.0,53.33333333333333,8571,4.76979897979334,254.38927892231146,8825.389278922312,2026-09-23,1.16.0
Long March 2D,operational,Main belt  →  Earth return,7500.0,4.0,Solar sail  (photonic),inf,0.0,8571,0.0,0.0,8571.0,2026-09-23,1.16.0
Long March 2D,operational,TLI  →  NRHO insertion,450.0,0.01,Magnetic sail / electric sail,inf,0.0,8571,0.0,0.0,8571.0,2026-09-23,1.16.0
Long March 2D,operational,GTO  →  GEO (circularise + plane change),1836.0,0.01,Cold gas  (GN2),70.0,1.0,8571,13.50611018734425,13.50611018734425,8584.506110187343,2026-09-23,1.16.0
Long March 2D,operational,GEO  →  Earth (deorbit to entry),1488.0,0.01,Solar thermal steam  (water),190.0,2.0,8571,1.2224246900385758,2.4448493800771516,8573.444849380077,2026-09-23,1.16.0
Long March 2D,operational,LEO  →  trans-Mars injection,3600.0,0.7,hydrolox  (LH2 / LOX),452.0,1.5999999999999999,8571,1.2527762747337077,2.004442039573932,8573.004442039573,2026-09-23,1.16.0
Long March 2D,operational,Mars arrival  →  1-sol orbit (MOI),900.0,0.01,Water  (electrothermal / resistojet),190.0,2.0,8571,0.6209679475573551,1.2419358951147101,8572.241935895116,2026-09-23,1.16.0
Long March 2D,operational,1-sol Mars orbit  →  Earth (TEI),900.0,0.7,"Metal / water  (ALICE, Al + H2O)",210.0,2.5,8571,0.5480889490345904,1.370222372586476,8572.370222372587,2026-09-23,1.16.0
Long March 2D,operational,NEA  →  LEO delivery (aerobraked),100.0,2.0,Xenon  (Hall / ion),3000.0,10000.0,8571,0.0034048373782205044,34.04837378220505,8605.048373782205,2026-09-23,1.16.0
Long March 3B/E,operational,LEO  →  Earth escape (C3=0),3200.0,0.003,FEEP  (indium field emission),6000.0,250.0,5148,0.05589089909122169,13.972724772805423,5161.972724772805,2026-09-23,1.16.0
Long March 3B/E,operational,LEO  →  average NEA,6500.0,1.5,Nuclear pulse  (Orion),10000.0,50000.0,5148,0.0685275228485216,3426.3761424260797,8574.37614242608,2026-09-23,1.16.0
Long March 3B/E,operational,Asteroid station-keeping,200.0,0.5,Green monoprop  (ASCENT / AF-M315E),235.0,500.0,5148,0.09066146254009344,45.33073127004672,5193.330731270046,2026-09-23,1.16.0
Long March 3B/E,operational,NEA  →  Earth return (aerocap),1500.0,1.5,"Nuclear thermal  (LH2, NTP)",900.0,10.0,5148,0.18524879029049157,1.8524879029049157,5149.852487902905,2026-09-23,1.16.0
Long March 3B/E,operational,LEO  →  TLI (trans-lunar injection),3150.0,0.01,Momentum-exchange tether,inf,0.0,5148,0.0,0.0,5148.0,2026-09-23,1.16.0
Long March 3B/E,operational,LEO  →  GTO (perigee burn),2455.0,0.001,Solid  (APCP),285.0,15.0,5148,1.4070143578215961,21.105215367323943,5169.105215367324,2026-09-23,1.16.0
Long March 3B/E,operational,LEO  →  GEO depot,4291.0,0.01,"VASIMR  (argon, variable Isp)",4000.0,10.0,5148,0.11559741178423955,1.1559741178423955,5149.155974117843,2026-09-23,1.16.0
Long March 3B/E,operational,NRHO  →  low lunar orbit,730.0,0.01,methalox  (LCH4 / LOX),380.0,0.24347826086956526,5148,0.2163965632119227,0.05268785886898988,5148.052687858869,2026-09-23,1.16.0
Long March 3B/E,operational,Low Mars orbit  →  Earth (TEI),2100.0,0.7,Water  (gridded ion / ECR),900.0,2.0,5148,0.26862518552543113,0.5372503710508623,5148.5372503710505,2026-09-23,1.16.0
Long March 3B/E,operational,LEO  →  Mars 1-sol orbit depot,4500.0,0.7,Li / F2 / H2  (tripropellant),542.0,37.5609756097561,5148,1.3317705042839014,50.0225994292002,5198.0225994292,2026-09-23,1.16.0
Long March 3B/E,operational,NEA  →  cislunar NRHO (Oberth capture),944.0,1.6,Argon  (Hall / ion),1500.0,10.0,5148,0.06627806461631414,0.6627806461631414,5148.662780646163,2026-09-23,1.16.0
Long March 4C,operational,LEO  →  GTO,2440.0,0.001,PPT  (PTFE pulsed plasma),1000.0,25.0,9214,0.2824993047618465,7.062482619046162,9221.062482619047,2026-09-23,1.16.0
Long March 4C,operational,LEO  →  easy NEA (low-Δv class),4500.0,1.0,Direct fusion drive,10000.0,1000000.0,9214,0.04695633859769743,46956.33859769743,56170.33859769743,2026-09-23,1.16.0
Long March 4C,operational,LEO  →  main-belt asteroid,10500.0,3.5,HTP  (98% peroxide monoprop),165.0,5.0,9214,656.9330467548147,3284.6652337740734,12498.665233774074,2026-09-23,1.16.0
Long March 4C,operational,NEA  →  Earth return (propulsive),5500.0,1.5,"Nuclear electric  (NEP, xenon)",5000.0,10000.0,9214,0.11870166301235541,1187.016630123554,10401.016630123555,2026-09-23,1.16.0
Long March 4C,operational,Main belt  →  Earth return,7500.0,4.0,Beamed laser-thermal  (H2),900.0,10.0,9214,1.3390936161683666,13.390936161683666,9227.390936161684,2026-09-23,1.16.0
Long March 4C,operational,LEO  →  cislunar NRHO depot,3600.0,0.02,Krypton  (Hall),2000.0,300.0,9214,0.20147373807019697,60.44212142105909,9274.44212142106,2026-09-23,1.16.0
Long March 4C,operational,GTO  →  GEO (circularise + plane change),1836.0,0.01,"Argon  (Hall / ion, cryogenic)",1500.0,10.0,9214,0.13293687374347618,1.3293687374347618,9215.329368737435,2026-09-23,1.16.0
Long March 4C,operational,TLI  →  low lunar orbit (LOI),900.0,0.01,MMH / NTO  (hypergolic),336.0,59.528301886792455,9214,0.31408193212429425,18.696764072682047,9232.696764072682,2026-09-23,1.16.0
Long March 4C,operational,LEO  →  trans-Mars injection,3600.0,0.7,Hydrazine arcjet,600.0,75.0,9214,0.8438019699250852,63.28514774438139,9277.285147744382,2026-09-23,1.16.0
Long March 4C,operational,Mars arrival  →  1-sol orbit (MOI),900.0,0.01,CO / LOX  (carbonaceous ISRU),260.0,0.7095541401273886,9214,0.4233008113001637,0.30035484317731365,9214.300354843177,2026-09-23,1.16.0
Long March 4C,operational,NEA  →  LEO delivery (propulsive),3626.0,1.5,UDMH / NTO  (hypergolic),318.0,47.5,9214,2.1986633364281727,104.4365084803382,9318.436508480338,2026-09-23,1.16.0
Long March 4C,operational,NEA  →  LEO delivery (aerobraked),100.0,2.0,Mercury ion  (RETIRED),3000.0,60.0,9214,0.0034048373782205044,0.20429024269323026,9214.204290242693,2026-09-23,1.16.0
Long March 5,operational,LEO  →  Earth escape (C3=0),3200.0,0.003,Antimatter-catalysed,100000.0,6.25e+16,5320,0.0032684215613445478,204276347584034.25,204276347589354.25,2026-09-23,1.16.0
Long March 5,operational,LEO  →  hard NEA,8500.0,2.0,HTP / RP-1  (peroxide bipropellant),320.0,4.6875,5320,14.008567289990244,65.66515917182927,5385.665159171829,2026-09-23,1.16.0
Long March 5,operational,Asteroid station-keeping,200.0,0.5,Solar thermal  (LH2),800.0,10.0,5320,0.0258206283800948,0.258206283800948,5320.258206283801,2026-09-23,1.16.0
Long March 5,operational,Main belt  →  Earth return,7500.0,4.0,kerolox  (RP-1 / LOX),340.0,0.896969696969697,5320,8.48179836491154,7.607916109132776,5327.607916109133,2026-09-23,1.16.0
Long March 5,operational,TLI  →  NRHO insertion,450.0,0.01,Iodine  (Hall / gridded),2000.0,60.0,5320,0.02320884407714985,1.392530644628991,5321.392530644629,2026-09-23,1.16.0
Long March 5,operational,LEO  →  GTO (perigee burn),2455.0,0.001,MPD  (lithium magnetoplasmadynamic),4000.0,80.0,5320,0.06458503269686378,5.166802615749102,5325.1668026157495,2026-09-23,1.16.0
Long March 5,operational,GEO  →  Earth (deorbit to entry),1488.0,0.01,Hydrazine  (monoprop),220.0,75.0,5320,0.993115447147219,74.48365853604143,5394.483658536042,2026-09-23,1.16.0
Long March 5,operational,NRHO  →  low lunar orbit,730.0,0.01,Electrospray  (ionic liquid),2500.0,2000.0,5320,0.03022344274547195,60.4468854909439,5380.446885490944,2026-09-23,1.16.0
Long March 5,operational,Low Mars orbit  →  Earth (TEI),2100.0,0.7,Mass driver  (regolith reaction mass),306.0,0.1,5320,1.0133605556401775,0.10133605556401776,5320.101336055564,2026-09-23,1.16.0
Long March 5,operational,1-sol Mars orbit  →  Earth (TEI),900.0,0.7,Aerozine-50 / NTO  (hypergolic),320.0,53.33333333333333,5320,0.3321513408223806,17.71473817719363,5337.714738177194,2026-09-23,1.16.0
Long March 5,operational,NEA  →  cislunar NRHO (Oberth capture),944.0,1.6,Solar sail  (photonic),inf,0.0,5320,0.0,0.0,5320.0,2026-09-23,1.16.0
Long March 6A,operational,LEO  →  GTO,2440.0,0.001,Magnetic sail / electric sail,inf,0.0,5725,0.0,0.0,5725.0,2026-09-23,1.16.0
Long March 6A,operational,LEO  →  average NEA,6500.0,1.5,Cold gas  (GN2),70.0,1.0,5725,12948.253312819908,12948.253312819908,18673.253312819907,2026-09-23,1.16.0
Long March 6A,operational,LEO  →  main-belt asteroid,10500.0,3.5,Solar thermal steam  (water),190.0,2.0,5725,279.1356103390153,558.2712206780305,6283.271220678031,2026-09-23,1.16.0
Long March 6A,operational,NEA  →  Earth return (aerocap),1500.0,1.5,hydrolox  (LH2 / LOX),452.0,1.5999999999999999,5725,0.4027034329282142,0.6443254926851427,5725.644325492685,2026-09-23,1.16.0
Long March 6A,operational,LEO  →  TLI (trans-lunar injection),3150.0,0.01,Water  (electrothermal / resistojet),190.0,2.0,5725,4.422636534031801,8.845273068063602,5733.845273068064,2026-09-23,1.16.0
Long March 6A,operational,LEO  →  cislunar NRHO depot,3600.0,0.02,"Metal / water  (ALICE, Al + H2O)",210.0,2.5,5725,4.743592792335074,11.858981980837683,5736.858981980838,2026-09-23,1.16.0
Long March 6A,operational,LEO  →  GEO depot,4291.0,0.01,Xenon  (Hall / ion),3000.0,10000.0,5725,0.15702656593292663,1570.2656593292663,7295.265659329267,2026-09-23,1.16.0
Long March 6A,operational,TLI  →  low lunar orbit (LOI),900.0,0.01,FEEP  (indium field emission),6000.0,250.0,5725,0.015413321793718682,3.8533304484296704,5728.85333044843,2026-09-23,1.16.0
Long March 6A,operational,LEO  →  trans-Mars injection,3600.0,0.7,Nuclear pulse  (Orion),10000.0,50000.0,5725,0.03739190907097267,1869.5954535486337,7594.5954535486335,2026-09-23,1.16.0
Long March 6A,operational,LEO  →  Mars 1-sol orbit depot,4500.0,0.7,Green monoprop  (ASCENT / AF-M315E),235.0,500.0,5725,6.0473246843309525,3023.6623421654763,8748.662342165477,2026-09-23,1.16.0
Long March 6A,operational,NEA  →  LEO delivery (propulsive),3626.0,1.5,"Nuclear thermal  (LH2, NTP)",900.0,10.0,5725,0.5080724799056582,5.080724799056582,5730.080724799057,2026-09-23,1.16.0
Long March 6A,operational,NEA  →  LEO delivery (aerobraked),100.0,2.0,Momentum-exchange tether,inf,0.0,5725,0.0,0.0,5725.0,2026-09-23,1.16.0
Long March 7,operational,LEO  →  easy NEA (low-Δv class),4500.0,1.0,Solid  (APCP),285.0,15.0,4385,4.003202618156942,60.048039272354124,4445.048039272354,2026-09-23,1.16.0
Long March 7,operational,LEO  →  hard NEA,8500.0,2.0,"VASIMR  (argon, variable Isp)",4000.0,10.0,4385,0.24195865667730865,2.4195865667730865,4387.419586566773,2026-09-23,1.16.0
Long March 7,operational,NEA  →  Earth return (propulsive),5500.0,1.5,methalox  (LCH4 / LOX),380.0,0.24347826086956526,4385,3.3749935481487494,0.8217375595492609,4385.82173755955,2026-09-23,1.16.0
Long March 7,operational,Main belt  →  Earth return,7500.0,4.0,Water  (gridded ion / ECR),900.0,2.0,4385,1.3390936161683666,2.6781872323367333,4387.678187232336,2026-09-23,1.16.0
Long March 7,operational,TLI  →  NRHO insertion,450.0,0.01,Li / F2 / H2  (tripropellant),542.0,37.5609756097561,4385,0.08834999709588565,3.318512086040583,4388.318512086041,2026-09-23,1.16.0
Long March 7,operational,GTO  →  GEO (circularise + plane change),1836.0,0.01,Argon  (Hall / ion),1500.0,10.0,4385,0.13293687374347618,1.3293687374347618,4386.329368737434,2026-09-23,1.16.0
Long March 7,operational,GEO  →  Earth (deorbit to entry),1488.0,0.01,PPT  (PTFE pulsed plasma),1000.0,25.0,4385,0.1638503462049068,4.09625865512267,4389.096258655122,2026-09-23,1.16.0
Long March 7,operational,NRHO  →  low lunar orbit,730.0,0.01,Direct fusion drive,10000.0,1000000.0,4385,0.0074717032647879655,7471.703264787966,11856.703264787966,2026-09-23,1.16.0
Long March 7,operational,Mars arrival  →  1-sol orbit (MOI),900.0,0.01,HTP  (98% peroxide monoprop),165.0,5.0,4385,0.7440479919750906,3.720239959875453,4388.7202399598755,2026-09-23,1.16.0
Long March 7,operational,1-sol Mars orbit  →  Earth (TEI),900.0,0.7,"Nuclear electric  (NEP, xenon)",5000.0,10000.0,4385,0.018524378240880823,185.24378240880824,4570.243782408808,2026-09-23,1.16.0
Long March 7,operational,NEA  →  cislunar NRHO (Oberth capture),944.0,1.6,Beamed laser-thermal  (H2),900.0,10.0,4385,0.11288628867123851,1.128862886712385,4386.128862886712,2026-09-23,1.16.0
Long March 8A,operational,LEO  →  Earth escape (C3=0),3200.0,0.003,Krypton  (Hall),2000.0,300.0,5290,0.17721866665439712,53.16559999631914,5343.1655999963195,2026-09-23,1.16.0
Long March 8A,operational,LEO  →  average NEA,6500.0,1.5,"Argon  (Hall / ion, cryogenic)",1500.0,10.0,5290,0.5556244267274801,5.556244267274801,5295.556244267274,2026-09-23,1.16.0
Long March 8A,operational,Asteroid station-keeping,200.0,0.5,MMH / NTO  (hypergolic),336.0,59.528301886792455,5290,0.06257732286495732,3.7251217667724594,5293.725121766773,2026-09-23,1.16.0
Long March 8A,operational,NEA  →  Earth return (aerocap),1500.0,1.5,Hydrazine arcjet,600.0,75.0,5290,0.2903700700554237,21.777755254156776,5311.777755254157,2026-09-23,1.16.0
Long March 8A,operational,LEO  →  TLI (trans-lunar injection),3150.0,0.01,CO / LOX  (carbonaceous ISRU),260.0,0.7095541401273886,5290,2.4398415589406737,1.731199679401217,5291.7311996794015,2026-09-23,1.16.0
Long March 8A,operational,LEO  →  GTO (perigee burn),2455.0,0.001,UDMH / NTO  (hypergolic),318.0,47.5,5290,1.1973096881739393,56.872210188262116,5346.872210188262,2026-09-23,1.16.0
Long March 8A,operational,LEO  →  GEO depot,4291.0,0.01,Mercury ion  (RETIRED),3000.0,60.0,5290,0.15702656593292663,9.421593955975599,5299.421593955975,2026-09-23,1.16.0
Long March 8A,operational,TLI  →  low lunar orbit (LOI),900.0,0.01,Antimatter-catalysed,100000.0,6.25e+16,5290,0.0009181658481065558,57385365506659.734,57385365511949.734,2026-09-23,1.16.0
Long March 8A,operational,Low Mars orbit  →  Earth (TEI),2100.0,0.7,HTP / RP-1  (peroxide bipropellant),320.0,4.6875,5290,0.9526526173378207,4.465559143771035,5294.465559143771,2026-09-23,1.16.0
Long March 8A,operational,LEO  →  Mars 1-sol orbit depot,4500.0,0.7,Solar thermal  (LH2),800.0,10.0,5290,0.7746271948548664,7.746271948548664,5297.746271948548,2026-09-23,1.16.0
Long March 8A,operational,NEA  →  cislunar NRHO (Oberth capture),944.0,1.6,kerolox  (RP-1 / LOX),340.0,0.896969696969697,5290,0.3272660264896612,0.2935477086089082,5290.2935477086085,2026-09-23,1.16.0
Long March 12,operational,LEO  →  GTO,2440.0,0.001,Iodine  (Hall / gridded),2000.0,60.0,5745,0.13247485833542738,7.948491500125643,5752.948491500126,2026-09-23,1.16.0
Long March 12,operational,LEO  →  easy NEA (low-Δv class),4500.0,1.0,MPD  (lithium magnetoplasmadynamic),4000.0,80.0,5745,0.12155719681666799,9.72457574533344,5754.724575745334,2026-09-23,1.16.0
Long March 12,operational,LEO  →  main-belt asteroid,10500.0,3.5,Hydrazine  (monoprop),220.0,75.0,5745,128.90811334561724,9668.108500921293,15413.108500921293,2026-09-23,1.16.0
Long March 12,operational,NEA  →  Earth return (propulsive),5500.0,1.5,Electrospray  (ionic liquid),2500.0,2000.0,5745,0.2514934108266098,502.98682165321964,6247.9868216532195,2026-09-23,1.16.0
Long March 12,operational,Main belt  →  Earth return,7500.0,4.0,Mass driver  (regolith reaction mass),306.0,0.1,5745,11.17402329499102,1.117402329499102,5746.117402329499,2026-09-23,1.16.0
Long March 12,operational,LEO  →  cislunar NRHO depot,3600.0,0.02,Aerozine-50 / NTO  (hypergolic),320.0,53.33333333333333,5745,2.149301680718452,114.62942297165077,5859.6294229716505,2026-09-23,1.16.0
Long March 12,operational,GTO  →  GEO (circularise + plane change),1836.0,0.01,Solar sail  (photonic),inf,0.0,5745,0.0,0.0,5745.0,2026-09-23,1.16.0
Long March 12,operational,GEO  →  Earth (deorbit to entry),1488.0,0.01,Magnetic sail / electric sail,inf,0.0,5745,0.0,0.0,5745.0,2026-09-23,1.16.0
Long March 12,operational,LEO  →  trans-Mars injection,3600.0,0.7,Cold gas  (GN2),70.0,1.0,5745,188.47456797905315,188.47456797905315,5933.474567979053,2026-09-23,1.16.0
Long March 12,operational,Mars arrival  →  1-sol orbit (MOI),900.0,0.01,Solar thermal steam  (water),190.0,2.0,5745,0.6209679475573551,1.2419358951147101,5746.241935895115,2026-09-23,1.16.0
Long March 12,operational,NEA  →  LEO delivery (propulsive),3626.0,1.5,hydrolox  (LH2 / LOX),452.0,1.5999999999999999,5745,1.2660290437285546,2.0256464699656873,5747.025646469966,2026-09-23,1.16.0
Long March 12,operational,NEA  →  LEO delivery (aerobraked),100.0,2.0,Water  (electrothermal / resistojet),190.0,2.0,5745,0.05513558405998076,0.11027116811996152,5745.11027116812,2026-09-23,1.16.0
Long March 10B,operational,LEO  →  Earth escape (C3=0),3200.0,0.003,"Metal / water  (ALICE, Al + H2O)",210.0,2.5,3306,3.729659804217044,9.32414951054261,3315.3241495105426,2026-09-23,1.16.0
Long March 10B,operational,LEO  →  hard NEA,8500.0,2.0,Xenon  (Hall / ion),3000.0,10000.0,3306,0.3349843830275425,3349.8438302754253,6655.843830275426,2026-09-23,1.16.0
Long March 10B,operational,Asteroid station-keeping,200.0,0.5,FEEP  (indium field emission),6000.0,250.0,3306,0.0034048373782205044,0.8512093445551261,3306.851209344555,2026-09-23,1.16.0
Long March 10B,operational,NEA  →  Earth return (aerocap),1500.0,1.5,Nuclear pulse  (Orion),10000.0,50000.0,3306,0.015413321793718682,770.6660896859341,4076.666089685934,2026-09-23,1.16.0
Long March 10B,operational,TLI  →  NRHO insertion,450.0,0.01,Green monoprop  (ASCENT / AF-M315E),235.0,500.0,3306,0.21563285164485202,107.81642582242601,3413.816425822426,2026-09-23,1.16.0
Long March 10B,operational,LEO  →  GTO (perigee burn),2455.0,0.001,"Nuclear thermal  (LH2, NTP)",900.0,10.0,3306,0.32069210682367655,3.2069210682367655,3309.2069210682366,2026-09-23,1.16.0
Long March 10B,operational,LEO  →  GEO depot,4291.0,0.01,Momentum-exchange tether,inf,0.0,3306,0.0,0.0,3306.0,2026-09-23,1.16.0
Long March 10B,operational,NRHO  →  low lunar orbit,730.0,0.01,Solid  (APCP),285.0,15.0,3306,0.29847496057338674,4.477124408600801,3310.477124408601,2026-09-23,1.16.0
Long March 10B,operational,Low Mars orbit  →  Earth (TEI),2100.0,0.7,"VASIMR  (argon, variable Isp)",4000.0,10.0,3306,0.05499402265417652,0.5499402265417652,3306.549940226542,2026-09-23,1.16.0
Long March 10B,operational,1-sol Mars orbit  →  Earth (TEI),900.0,0.7,methalox  (LCH4 / LOX),380.0,0.24347826086956526,3306,0.27317239506570945,0.06651153966817275,3306.066511539668,2026-09-23,1.16.0
Long March 10B,operational,NEA  →  cislunar NRHO (Oberth capture),944.0,1.6,Water  (gridded ion / ECR),900.0,2.0,3306,0.11288628867123851,0.22577257734247702,3306.2257725773425,2026-09-23,1.16.0
Kuaizhou-1A,operational,LEO  →  GTO,2440.0,0.001,Li / F2 / H2  (tripropellant),542.0,37.5609756097561,20029,0.5825863440722452,21.882511460274575,20050.882511460273,2026-09-23,1.16.0
Kuaizhou-1A,operational,LEO  →  average NEA,6500.0,1.5,Argon  (Hall / ion),1500.0,10.0,20029,0.5556244267274801,5.556244267274801,20034.556244267274,2026-09-23,1.16.0
Kuaizhou-1A,operational,LEO  →  main-belt asteroid,10500.0,3.5,PPT  (PTFE pulsed plasma),1000.0,25.0,20029,1.9174268838389779,47.93567209597445,20076.935672095973,2026-09-23,1.16.0
Kuaizhou-1A,operational,NEA  →  Earth return (propulsive),5500.0,1.5,Direct fusion drive,10000.0,1000000.0,20029,0.0576869399838289,57686.9399838289,77715.9399838289,2026-09-23,1.16.0
Kuaizhou-1A,operational,LEO  →  TLI (trans-lunar injection),3150.0,0.01,HTP  (98% peroxide monoprop),165.0,5.0,20029,6.005747979610939,30.028739898054695,20059.028739898054,2026-09-23,1.16.0
Kuaizhou-1A,operational,LEO  →  cislunar NRHO depot,3600.0,0.02,"Nuclear electric  (NEP, xenon)",5000.0,10000.0,20029,0.07618197300591745,761.8197300591745,20790.819730059175,2026-09-23,1.16.0
Kuaizhou-1A,operational,GTO  →  GEO (circularise + plane change),1836.0,0.01,Beamed laser-thermal  (H2),900.0,10.0,20029,0.231240388830245,2.31240388830245,20031.312403888303,2026-09-23,1.16.0
Kuaizhou-1A,operational,TLI  →  low lunar orbit (LOI),900.0,0.01,Krypton  (Hall),2000.0,300.0,20029,0.04695633859769743,14.086901579309231,20043.08690157931,2026-09-23,1.16.0
Kuaizhou-1A,operational,LEO  →  trans-Mars injection,3600.0,0.7,"Argon  (Hall / ion, cryogenic)",1500.0,10.0,20029,0.2772788174938945,2.772788174938945,20031.772788174938,2026-09-23,1.16.0
Kuaizhou-1A,operational,LEO  →  Mars 1-sol orbit depot,4500.0,0.7,MMH / NTO  (hypergolic),336.0,59.528301886792455,20029,2.9184311492530077,173.72925048855168,20202.72925048855,2026-09-23,1.16.0
Kuaizhou-1A,operational,NEA  →  LEO delivery (propulsive),3626.0,1.5,Hydrazine arcjet,600.0,75.0,20029,0.851967334376883,63.89755007826622,20092.897550078265,2026-09-23,1.16.0
Kuaizhou-1A,operational,NEA  →  LEO delivery (aerobraked),100.0,2.0,CO / LOX  (carbonaceous ISRU),260.0,0.7095541401273886,20029,0.039999106840088006,0.02838153185978219,20029.028381531858,2026-09-23,1.16.0
Kuaizhou-11,operational,LEO  →  easy NEA (low-Δv class),4500.0,1.0,UDMH / NTO  (hypergolic),318.0,47.5,8133,3.2333542300075235,153.58432592535738,8286.584325925358,2026-09-23,1.16.0
Kuaizhou-11,operational,LEO  →  hard NEA,8500.0,2.0,Mercury ion  (RETIRED),3000.0,60.0,8133,0.3349843830275425,20.09906298165255,8153.099062981652,2026-09-23,1.16.0
Kuaizhou-11,operational,Asteroid station-keeping,200.0,0.5,Antimatter-catalysed,100000.0,6.25e+16,8133,0.00020396404043254712,12747752527034.195,12747752535167.195,2026-09-23,1.16.0
Kuaizhou-11,operational,Main belt  →  Earth return,7500.0,4.0,HTP / RP-1  (peroxide bipropellant),320.0,4.6875,8133,9.913056038792476,46.46745018183973,8179.46745018184,2026-09-23,1.16.0
Kuaizhou-11,operational,TLI  →  NRHO insertion,450.0,0.01,Solar thermal  (LH2),800.0,10.0,8133,0.05903597522306492,0.5903597522306492,8133.590359752231,2026-09-23,1.16.0
Kuaizhou-11,operational,GTO  →  GEO (circularise + plane change),1836.0,0.01,kerolox  (RP-1 / LOX),340.0,0.896969696969697,8133,0.7343743705181065,0.6587115565859379,8133.658711556586,2026-09-23,1.16.0
Kuaizhou-11,operational,GEO  →  Earth (deorbit to entry),1488.0,0.01,Iodine  (Hall / gridded),2000.0,60.0,8133,0.07881895895692659,4.729137537415595,8137.729137537415,2026-09-23,1.16.0
Kuaizhou-11,operational,NRHO  →  low lunar orbit,730.0,0.01,MPD  (lithium magnetoplasmadynamic),4000.0,80.0,8133,0.018784062795494494,1.5027250236395595,8134.50272502364,2026-09-23,1.16.0
Kuaizhou-11,operational,Mars arrival  →  1-sol orbit (MOI),900.0,0.01,Hydrazine  (monoprop),220.0,75.0,8133,0.5176402062232073,38.82301546674054,8171.823015466741,2026-09-23,1.16.0
Kuaizhou-11,operational,1-sol Mars orbit  →  Earth (TEI),900.0,0.7,Electrospray  (ionic liquid),2500.0,2000.0,8133,0.03739190907097267,74.78381814194535,8207.783818141945,2026-09-23,1.16.0
Kuaizhou-11,operational,NEA  →  cislunar NRHO (Oberth capture),944.0,1.6,Mass driver  (regolith reaction mass),306.0,0.1,8133,0.3696827166031882,0.03696827166031882,8133.03696827166,2026-09-23,1.16.0
Ceres-1,operational,LEO  →  Earth escape (C3=0),3200.0,0.003,Aerozine-50 / NTO  (hypergolic),320.0,53.33333333333333,11250,1.7724078789397675,94.52842021012093,11344.528420210121,2026-09-23,1.16.0
Ceres-1,operational,LEO  →  average NEA,6500.0,1.5,Solar sail  (photonic),inf,0.0,11250,0.0,0.0,11250.0,2026-09-23,1.16.0
Ceres-1,operational,LEO  →  main-belt asteroid,10500.0,3.5,Magnetic sail / electric sail,inf,0.0,11250,0.0,0.0,11250.0,2026-09-23,1.16.0
Ceres-1,operational,NEA  →  Earth return (aerocap),1500.0,1.5,Cold gas  (GN2),70.0,1.0,11250,7.891592529568653,7.891592529568653,11257.891592529568,2026-09-23,1.16.0
Ceres-1,operational,LEO  →  TLI (trans-lunar injection),3150.0,0.01,Solar thermal steam  (water),190.0,2.0,11250,4.422636534031801,8.845273068063602,11258.845273068064,2026-09-23,1.16.0
Ceres-1,operational,LEO  →  GTO (perigee burn),2455.0,0.001,hydrolox  (LH2 / LOX),452.0,1.5999999999999999,11250,0.7399394055848691,1.1839030489357905,11251.183903048935,2026-09-23,1.16.0
Ceres-1,operational,LEO  →  GEO depot,4291.0,0.01,Water  (electrothermal / resistojet),190.0,2.0,11250,9.003635361683171,18.007270723366343,11268.007270723367,2026-09-23,1.16.0
Ceres-1,operational,TLI  →  low lunar orbit (LOI),900.0,0.01,"Metal / water  (ALICE, Al + H2O)",210.0,2.5,11250,0.5480889490345904,1.370222372586476,11251.370222372587,2026-09-23,1.16.0
Ceres-1,operational,Low Mars orbit  →  Earth (TEI),2100.0,0.7,Xenon  (Hall / ion),3000.0,10000.0,11250,0.07398940914681318,739.8940914681318,11989.894091468132,2026-09-23,1.16.0
Ceres-1,operational,LEO  →  Mars 1-sol orbit depot,4500.0,0.7,FEEP  (indium field emission),6000.0,250.0,11250,0.07947921442828254,19.869803607070637,11269.869803607071,2026-09-23,1.16.0
Ceres-1,operational,NEA  →  LEO delivery (propulsive),3626.0,1.5,Nuclear pulse  (Orion),10000.0,50000.0,11250,0.03766698532503643,1883.3492662518215,13133.349266251822,2026-09-23,1.16.0
Gravity-1,operational,LEO  →  GTO,2440.0,0.001,Green monoprop  (ASCENT / AF-M315E),235.0,500.0,6000,1.8828205551806696,941.4102775903348,6941.410277590335,2026-09-23,1.16.0
Gravity-1,operational,LEO  →  easy NEA (low-Δv class),4500.0,1.0,"Nuclear thermal  (LH2, NTP)",900.0,10.0,6000,0.6650549176948393,6.650549176948393,6006.6505491769485,2026-09-23,1.16.0
Gravity-1,operational,LEO  →  hard NEA,8500.0,2.0,Momentum-exchange tether,inf,0.0,6000,0.0,0.0,6000.0,2026-09-23,1.16.0
Gravity-1,operational,NEA  →  Earth return (propulsive),5500.0,1.5,Solid  (APCP),285.0,15.0,6000,6.15544348391882,92.3316522587823,6092.331652258782,2026-09-23,1.16.0
Gravity-1,operational,Main belt  →  Earth return,7500.0,4.0,"VASIMR  (argon, variable Isp)",4000.0,10.0,6000,0.21069768175604353,2.1069768175604353,6002.10697681756,2026-09-23,1.16.0
Gravity-1,operational,LEO  →  cislunar NRHO depot,3600.0,0.02,methalox  (LCH4 / LOX),380.0,0.24347826086956526,6000,1.6275370870083044,0.39626989944550023,6000.3962698994455,2026-09-23,1.16.0
Gravity-1,operational,GTO  →  GEO (circularise + plane change),1836.0,0.01,Water  (gridded ion / ECR),900.0,2.0,6000,0.231240388830245,0.46248077766049,6000.462480777661,2026-09-23,1.16.0
Gravity-1,operational,GEO  →  Earth (deorbit to entry),1488.0,0.01,Li / F2 / H2  (tripropellant),542.0,37.5609756097561,6000,0.3230657873202911,12.134666157884105,6012.134666157884,2026-09-23,1.16.0
Gravity-1,operational,LEO  →  trans-Mars injection,3600.0,0.7,Argon  (Hall / ion),1500.0,10.0,6000,0.2772788174938945,2.772788174938945,6002.772788174939,2026-09-23,1.16.0
Gravity-1,operational,Mars arrival  →  1-sol orbit (MOI),900.0,0.01,PPT  (PTFE pulsed plasma),1000.0,25.0,6000,0.09611757492989637,2.402939373247409,6002.402939373247,2026-09-23,1.16.0
Gravity-1,operational,1-sol Mars orbit  →  Earth (TEI),900.0,0.7,Direct fusion drive,10000.0,1000000.0,6000,0.009219687798885934,9219.687798885934,15219.687798885934,2026-09-23,1.16.0
Gravity-1,operational,NEA  →  LEO delivery (aerobraked),100.0,2.0,HTP  (98% peroxide monoprop),165.0,5.0,6000,0.06375061878278498,0.3187530939139249,6000.318753093914,2026-09-23,1.16.0
Kinetica-1,operational,LEO  →  Earth escape (C3=0),3200.0,0.003,"Nuclear electric  (NEP, xenon)",5000.0,10000.0,5500,0.06743848335943858,674.3848335943858,6174.384833594386,2026-09-23,1.16.0
Kinetica-1,operational,LEO  →  average NEA,6500.0,1.5,Beamed laser-thermal  (H2),900.0,10.0,5500,1.0885325900809648,10.885325900809647,5510.885325900809,2026-09-23,1.16.0
Kinetica-1,operational,Asteroid station-keeping,200.0,0.5,Krypton  (Hall),2000.0,300.0,5500,0.010249330359376918,3.0747991078130754,5503.074799107813,2026-09-23,1.16.0
Kinetica-1,operational,NEA  →  Earth return (aerocap),1500.0,1.5,"Argon  (Hall / ion, cryogenic)",1500.0,10.0,5500,0.10735204606807192,1.0735204606807192,5501.073520460681,2026-09-23,1.16.0
Kinetica-1,operational,TLI  →  NRHO insertion,450.0,0.01,MMH / NTO  (hypergolic),336.0,59.528301886792455,5500,0.14633412761039888,8.711022124732235,5508.711022124732,2026-09-23,1.16.0
Kinetica-1,operational,LEO  →  GTO (perigee burn),2455.0,0.001,Hydrazine arcjet,600.0,75.0,5500,0.5177574503217557,38.83180877413167,5538.831808774132,2026-09-23,1.16.0
Kinetica-1,operational,LEO  →  GEO depot,4291.0,0.01,CO / LOX  (carbonaceous ISRU),260.0,0.7095541401273886,5500,4.381267547010206,3.10874652698686,5503.108746526987,2026-09-23,1.16.0
Kinetica-1,operational,NRHO  →  low lunar orbit,730.0,0.01,UDMH / NTO  (hypergolic),318.0,47.5,5500,0.2637529141682571,12.528263422992211,5512.5282634229925,2026-09-23,1.16.0
Kinetica-1,operational,Low Mars orbit  →  Earth (TEI),2100.0,0.7,Mercury ion  (RETIRED),3000.0,60.0,5500,0.07398940914681318,4.439364548808791,5504.439364548809,2026-09-23,1.16.0
Kinetica-1,operational,LEO  →  Mars 1-sol orbit depot,4500.0,0.7,Antimatter-catalysed,100000.0,6.25e+16,5500,0.004599267269733698,287454204358356.1,287454204363856.1,2026-09-23,1.16.0
Kinetica-1,operational,NEA  →  cislunar NRHO (Oberth capture),944.0,1.6,HTP / RP-1  (peroxide bipropellant),320.0,4.6875,5500,0.35096112398128065,1.645130268662253,5501.645130268662,2026-09-23,1.16.0
Kinetica-2,operational,LEO  →  GTO,2440.0,0.001,Solar thermal  (LH2),800.0,10.0,4167,0.3648075708436398,3.648075708436398,4170.648075708436,2026-09-23,1.16.0
Kinetica-2,operational,LEO  →  average NEA,6500.0,1.5,kerolox  (RP-1 / LOX),340.0,0.896969696969697,4167,6.024875312747583,5.404130583555408,4172.404130583555,2026-09-23,1.16.0
Kinetica-2,operational,LEO  →  main-belt asteroid,10500.0,3.5,Iodine  (Hall / gridded),2000.0,60.0,4167,0.7080476819570869,42.482860917425214,4209.482860917426,2026-09-23,1.16.0
Kinetica-2,operational,NEA  →  Earth return (propulsive),5500.0,1.5,MPD  (lithium magnetoplasmadynamic),4000.0,80.0,4167,0.15051650840269204,12.041320672215363,4179.041320672215,2026-09-23,1.16.0
Kinetica-2,operational,LEO  →  TLI (trans-lunar injection),3150.0,0.01,Hydrazine  (monoprop),220.0,75.0,4167,3.306167141040298,247.96253557802234,4414.962535578023,2026-09-23,1.16.0
Kinetica-2,operational,LEO  →  cislunar NRHO depot,3600.0,0.02,Electrospray  (ionic liquid),2500.0,2000.0,4167,0.1581676390229092,316.3352780458184,4483.335278045818,2026-09-23,1.16.0
Kinetica-2,operational,GTO  →  GEO (circularise + plane change),1836.0,0.01,Mass driver  (regolith reaction mass),306.0,0.1,4167,0.8438019699250852,0.08438019699250852,4167.084380196992,2026-09-23,1.16.0
Kinetica-2,operational,TLI  →  low lunar orbit (LOI),900.0,0.01,Aerozine-50 / NTO  (hypergolic),320.0,53.33333333333333,4167,0.3321513408223806,17.71473817719363,4184.714738177194,2026-09-23,1.16.0
Kinetica-2,operational,LEO  →  trans-Mars injection,3600.0,0.7,Solar sail  (photonic),inf,0.0,4167,0.0,0.0,4167.0,2026-09-23,1.16.0
Kinetica-2,operational,Mars arrival  →  1-sol orbit (MOI),900.0,0.01,Magnetic sail / electric sail,inf,0.0,4167,0.0,0.0,4167.0,2026-09-23,1.16.0
Kinetica-2,operational,NEA  →  LEO delivery (propulsive),3626.0,1.5,Cold gas  (GN2),70.0,1.0,4167,195.78858565698627,195.78858565698627,4362.7885856569865,2026-09-23,1.16.0
Kinetica-2,operational,NEA  →  LEO delivery (aerobraked),100.0,2.0,Solar thermal steam  (water),190.0,2.0,4167,0.05513558405998076,0.11027116811996152,4167.11027116812,2026-09-23,1.16.0
Jielong-3,operational,LEO  →  easy NEA (low-Δv class),4500.0,1.0,hydrolox  (LH2 / LOX),452.0,1.5999999999999999,8812,1.759926901284382,2.815883042055011,8814.815883042054,2026-09-23,1.16.0
Jielong-3,operational,LEO  →  hard NEA,8500.0,2.0,Water  (electrothermal / resistojet),190.0,2.0,8812,94.76414266407669,189.52828532815337,9001.528285328153,2026-09-23,1.16.0
Jielong-3,operational,Asteroid station-keeping,200.0,0.5,"Metal / water  (ALICE, Al + H2O)",210.0,2.5,8812,0.10198800928775742,0.25497002321939355,8812.25497002322,2026-09-23,1.16.0
Jielong-3,operational,Main belt  →  Earth return,7500.0,4.0,Xenon  (Hall / ion),3000.0,10000.0,8812,0.2903700700554237,2903.700700554237,11715.700700554236,2026-09-23,1.16.0
Jielong-3,operational,TLI  →  NRHO insertion,450.0,0.01,FEEP  (indium field emission),6000.0,250.0,8812,0.007677191264007233,1.9192978160018082,8813.919297816003,2026-09-23,1.16.0
Jielong-3,operational,LEO  →  GTO (perigee burn),2455.0,0.001,Nuclear pulse  (Orion),10000.0,50000.0,8812,0.025350015697048756,1267.5007848524378,10079.500784852438,2026-09-23,1.16.0
Jielong-3,operational,GEO  →  Earth (deorbit to entry),1488.0,0.01,Green monoprop  (ASCENT / AF-M315E),235.0,500.0,8812,0.907275201869125,453.6376009345625,9265.637600934562,2026-09-23,1.16.0
Jielong-3,operational,NRHO  →  low lunar orbit,730.0,0.01,"Nuclear thermal  (LH2, NTP)",900.0,10.0,8812,0.0862270993271026,0.862270993271026,8812.862270993272,2026-09-23,1.16.0
Jielong-3,operational,Low Mars orbit  →  Earth (TEI),2100.0,0.7,Momentum-exchange tether,inf,0.0,8812,0.0,0.0,8812.0,2026-09-23,1.16.0
Jielong-3,operational,1-sol Mars orbit  →  Earth (TEI),900.0,0.7,Solid  (APCP),285.0,15.0,8812,0.37990636608423656,5.698595491263548,8817.698595491263,2026-09-23,1.16.0
Jielong-3,operational,NEA  →  cislunar NRHO (Oberth capture),944.0,1.6,"VASIMR  (argon, variable Isp)",4000.0,10.0,8812,0.024357208922508367,0.24357208922508367,8812.243572089224,2026-09-23,1.16.0
Zhuque-2E,operational,LEO  →  Earth escape (C3=0),3200.0,0.003,methalox  (LCH4 / LOX),380.0,0.24347826086956526,4417,1.360110381760474,0.33115731034168067,4417.331157310342,2026-09-23,1.16.0
Zhuque-2E,operational,LEO  →  average NEA,6500.0,1.5,Water  (gridded ion / ECR),900.0,2.0,4417,1.0885325900809648,2.1770651801619296,4419.177065180162,2026-09-23,1.16.0
Zhuque-2E,operational,LEO  →  main-belt asteroid,10500.0,3.5,Li / F2 / H2  (tripropellant),542.0,37.5609756097561,4417,6.209971426426583,233.2525852852912,4650.252585285291,2026-09-23,1.16.0
Zhuque-2E,operational,NEA  →  Earth return (aerocap),1500.0,1.5,Argon  (Hall / ion),1500.0,10.0,4417,0.10735204606807192,1.0735204606807192,4418.073520460681,2026-09-23,1.16.0
Zhuque-2E,operational,LEO  →  TLI (trans-lunar injection),3150.0,0.01,PPT  (PTFE pulsed plasma),1000.0,25.0,4417,0.37879593451419513,9.469898362854877,4426.469898362855,2026-09-23,1.16.0
Zhuque-2E,operational,LEO  →  cislunar NRHO depot,3600.0,0.02,Direct fusion drive,10000.0,1000000.0,4417,0.03739190907097267,37391.90907097267,41808.90907097267,2026-09-23,1.16.0
Zhuque-2E,operational,LEO  →  GEO depot,4291.0,0.01,HTP  (98% peroxide monoprop),165.0,5.0,4417,13.180675586242327,65.90337793121164,4482.903377931211,2026-09-23,1.16.0
Zhuque-2E,operational,TLI  →  low lunar orbit (LOI),900.0,0.01,"Nuclear electric  (NEP, xenon)",5000.0,10000.0,4417,0.018524378240880823,185.24378240880824,4602.243782408808,2026-09-23,1.16.0
Zhuque-2E,operational,LEO  →  trans-Mars injection,3600.0,0.7,Beamed laser-thermal  (H2),900.0,10.0,4417,0.5036364664760675,5.036364664760676,4422.036364664761,2026-09-23,1.16.0
Zhuque-2E,operational,LEO  →  Mars 1-sol orbit depot,4500.0,0.7,Krypton  (Hall),2000.0,300.0,4417,0.25789054573126236,77.36716371937871,4494.367163719378,2026-09-23,1.16.0
Zhuque-2E,operational,NEA  →  LEO delivery (propulsive),3626.0,1.5,"Argon  (Hall / ion, cryogenic)",1500.0,10.0,4417,0.2795384144926978,2.795384144926978,4419.795384144927,2026-09-23,1.16.0
Zhuque-3,operational,LEO  →  GTO,2440.0,0.001,MMH / NTO  (hypergolic),336.0,59.528301886792455,4425,1.097000944408924,65.30260338887085,4490.302603388871,2026-09-23,1.16.0
Zhuque-3,operational,LEO  →  easy NEA (low-Δv class),4500.0,1.0,Hydrazine arcjet,600.0,75.0,4425,1.1485370307920175,86.14027730940131,4511.140277309401,2026-09-23,1.16.0
Zhuque-3,operational,LEO  →  hard NEA,8500.0,2.0,CO / LOX  (carbonaceous ISRU),260.0,0.7095541401273886,4425,27.041557866729164,19.187449339832032,4444.187449339832,2026-09-23,1.16.0
Zhuque-3,operational,NEA  →  Earth return (propulsive),5500.0,1.5,UDMH / NTO  (hypergolic),318.0,47.5,4425,4.833750574646786,229.60315229572234,4654.603152295722,2026-09-23,1.16.0
Zhuque-3,operational,Main belt  →  Earth return,7500.0,4.0,Mercury ion  (RETIRED),3000.0,60.0,4425,0.2903700700554237,17.42220420332542,4442.422204203325,2026-09-23,1.16.0
Zhuque-3,operational,TLI  →  NRHO insertion,450.0,0.01,Antimatter-catalysed,100000.0,6.25e+16,4425,0.00045897759383750625,28686099614844.14,28686099619269.14,2026-09-23,1.16.0
Zhuque-3,operational,GTO  →  GEO (circularise + plane change),1836.0,0.01,HTP / RP-1  (peroxide bipropellant),320.0,4.6875,4425,0.7951025966161802,3.727043421638345,4428.727043421638,2026-09-23,1.16.0
Zhuque-3,operational,GEO  →  Earth (deorbit to entry),1488.0,0.01,Solar thermal  (LH2),800.0,10.0,4425,0.2088472452242638,2.088472452242638,4427.088472452243,2026-09-23,1.16.0
Zhuque-3,operational,LEO  →  trans-Mars injection,3600.0,0.7,kerolox  (RP-1 / LOX),340.0,0.896969696969697,4425,1.9437948655678756,1.7435250915396703,4426.74352509154,2026-09-23,1.16.0
Zhuque-3,operational,Mars arrival  →  1-sol orbit (MOI),900.0,0.01,Iodine  (Hall / gridded),2000.0,60.0,4425,0.04695633859769743,2.817380315861846,4427.817380315862,2026-09-23,1.16.0
Zhuque-3,operational,1-sol Mars orbit  →  Earth (TEI),900.0,0.7,MPD  (lithium magnetoplasmadynamic),4000.0,80.0,4425,0.02320884407714985,1.8567075261719879,4426.856707526172,2026-09-23,1.16.0
Zhuque-3,operational,NEA  →  LEO delivery (aerobraked),100.0,2.0,Hydrazine  (monoprop),220.0,75.0,4425,0.04744172305716621,3.5581292292874656,4428.558129229287,2026-09-23,1.16.0
Pallas-1,operational,LEO  →  Earth escape (C3=0),3200.0,0.003,Electrospray  (ionic liquid),2500.0,2000.0,5660,0.1394249157566987,278.84983151339736,5938.8498315133975,2026-09-23,1.16.0
Pallas-1,operational,LEO  →  average NEA,6500.0,1.5,Mass driver  (regolith reaction mass),306.0,0.1,5660,7.72387788891125,0.772387788891125,5660.772387788891,2026-09-23,1.16.0
Pallas-1,operational,Asteroid station-keeping,200.0,0.5,Aerozine-50 / NTO  (hypergolic),320.0,53.33333333333333,5660,0.06580700491952718,3.509706929041449,5663.509706929041,2026-09-23,1.16.0
Pallas-1,operational,NEA  →  Earth return (aerocap),1500.0,1.5,Solar sail  (photonic),inf,0.0,5660,0.0,0.0,5660.0,2026-09-23,1.16.0
Pallas-1,operational,LEO  →  TLI (trans-lunar injection),3150.0,0.01,Magnetic sail / electric sail,inf,0.0,5660,0.0,0.0,5660.0,2026-09-23,1.16.0
Pallas-1,operational,LEO  →  GTO (perigee burn),2455.0,0.001,Cold gas  (GN2),70.0,1.0,5660,34.7407120525049,34.7407120525049,5694.740712052505,2026-09-23,1.16.0
Pallas-1,operational,LEO  →  GEO depot,4291.0,0.01,Solar thermal steam  (water),190.0,2.0,5660,9.003635361683171,18.007270723366343,5678.007270723367,2026-09-23,1.16.0
Pallas-1,operational,NRHO  →  low lunar orbit,730.0,0.01,hydrolox  (LH2 / LOX),452.0,1.5999999999999999,5660,0.17902600768201427,0.2864416122912228,5660.286441612291,2026-09-23,1.16.0
Pallas-1,operational,Low Mars orbit  →  Earth (TEI),2100.0,0.7,Water  (electrothermal / resistojet),190.0,2.0,5660,2.0865524674292875,4.173104934858575,5664.173104934858,2026-09-23,1.16.0
Pallas-1,operational,LEO  →  Mars 1-sol orbit depot,4500.0,0.7,"Metal / water  (ALICE, Al + H2O)",210.0,2.5,5660,7.891592529568653,19.728981323921634,5679.728981323921,2026-09-23,1.16.0
Pallas-1,operational,NEA  →  cislunar NRHO (Oberth capture),944.0,1.6,Xenon  (Hall / ion),3000.0,10000.0,5660,0.03260741069213435,326.0741069213435,5986.074106921344,2026-09-23,1.16.0
Delta IV Heavy,retired,LEO  →  GTO,2440.0,0.001,FEEP  (indium field emission),6000.0,250.0,15283,0.04234028521971145,10.585071304927862,15293.585071304928,2026-09-23,1.16.0
Delta IV Heavy,retired,LEO  →  easy NEA (low-Δv class),4500.0,1.0,Nuclear pulse  (Orion),10000.0,50000.0,15283,0.04695633859769743,2347.8169298848716,17630.816929884873,2026-09-23,1.16.0
Delta IV Heavy,retired,LEO  →  main-belt asteroid,10500.0,3.5,Green monoprop  (ASCENT / AF-M315E),235.0,500.0,15283,94.2189354632581,47109.467731629054,62392.467731629054,2026-09-23,1.16.0
Delta IV Heavy,retired,NEA  →  Earth return (propulsive),5500.0,1.5,"Nuclear thermal  (LH2, NTP)",900.0,10.0,15283,0.8648113738070802,8.648113738070801,15291.64811373807,2026-09-23,1.16.0
Delta IV Heavy,retired,Main belt  →  Earth return,7500.0,4.0,Momentum-exchange tether,inf,0.0,15283,0.0,0.0,15283.0,2026-09-23,1.16.0
Delta IV Heavy,retired,LEO  →  cislunar NRHO depot,3600.0,0.02,Solid  (APCP),285.0,15.0,15283,2.6257551534851893,39.38632730227784,15322.386327302278,2026-09-23,1.16.0
Delta IV Heavy,retired,GTO  →  GEO (circularise + plane change),1836.0,0.01,"VASIMR  (argon, variable Isp)",4000.0,10.0,15283,0.04791761815225648,0.4791761815225648,15283.479176181523,2026-09-23,1.16.0
Delta IV Heavy,retired,TLI  →  low lunar orbit (LOI),900.0,0.01,methalox  (LCH4 / LOX),380.0,0.24347826086956526,15283,0.27317239506570945,0.06651153966817275,15283.066511539668,2026-09-23,1.16.0
Delta IV Heavy,retired,LEO  →  trans-Mars injection,3600.0,0.7,Water  (gridded ion / ECR),900.0,2.0,15283,0.5036364664760675,1.007272932952135,15284.007272932951,2026-09-23,1.16.0
Delta IV Heavy,retired,Mars arrival  →  1-sol orbit (MOI),900.0,0.01,Li / F2 / H2  (tripropellant),542.0,37.5609756097561,15283,0.1845057161786141,6.930214705245506,15289.930214705246,2026-09-23,1.16.0
Delta IV Heavy,retired,NEA  →  LEO delivery (propulsive),3626.0,1.5,Argon  (Hall / ion),1500.0,10.0,15283,0.2795384144926978,2.795384144926978,15285.795384144927,2026-09-23,1.16.0
Delta IV Heavy,retired,NEA  →  LEO delivery (aerobraked),100.0,2.0,PPT  (PTFE pulsed plasma),1000.0,25.0,15283,0.010249330359376918,0.25623325898442295,15283.256233258984,2026-09-23,1.16.0
H-IIA 204,retired,LEO  →  Earth escape (C3=0),3200.0,0.003,Direct fusion drive,10000.0,1000000.0,6000,0.033169145570771885,33169.145570771885,39169.145570771885,2026-09-23,1.16.0
H-IIA 204,retired,LEO  →  hard NEA,8500.0,2.0,HTP  (98% peroxide monoprop),165.0,5.0,6000,190.1547905196911,950.7739525984555,6950.773952598455,2026-09-23,1.16.0
H-IIA 204,retired,Asteroid station-keeping,200.0,0.5,"Nuclear electric  (NEP, xenon)",5000.0,10000.0,6000,0.004087194742800948,40.87194742800948,6040.87194742801,2026-09-23,1.16.0
H-IIA 204,retired,NEA  →  Earth return (aerocap),1500.0,1.5,Beamed laser-thermal  (H2),900.0,10.0,6000,0.18524879029049157,1.8524879029049157,6001.852487902905,2026-09-23,1.16.0
H-IIA 204,retired,TLI  →  NRHO insertion,450.0,0.01,Krypton  (Hall),2000.0,300.0,6000,0.02320884407714985,6.9626532231449545,6006.962653223145,2026-09-23,1.16.0
H-IIA 204,retired,LEO  →  GTO (perigee burn),2455.0,0.001,"Argon  (Hall / ion, cryogenic)",1500.0,10.0,6000,0.1816284784262896,1.816284784262896,6001.816284784263,2026-09-23,1.16.0
H-IIA 204,retired,GEO  →  Earth (deorbit to entry),1488.0,0.01,MMH / NTO  (hypergolic),336.0,59.528301886792455,6000,0.5708055997278734,33.97908805927246,6033.979088059273,2026-09-23,1.16.0
H-IIA 204,retired,NRHO  →  low lunar orbit,730.0,0.01,Hydrazine arcjet,600.0,75.0,6000,0.13208998942403305,9.906749206802479,6009.9067492068025,2026-09-23,1.16.0
H-IIA 204,retired,Low Mars orbit  →  Earth (TEI),2100.0,0.7,CO / LOX  (carbonaceous ISRU),260.0,0.7095541401273886,6000,1.2787269716172815,0.9073260168035998,6000.907326016803,2026-09-23,1.16.0
H-IIA 204,retired,1-sol Mars orbit  →  Earth (TEI),900.0,0.7,UDMH / NTO  (hypergolic),318.0,47.5,6000,0.3345563682536492,15.891427492048336,6015.891427492048,2026-09-23,1.16.0
H-IIA 204,retired,NEA  →  cislunar NRHO (Oberth capture),944.0,1.6,Mercury ion  (RETIRED),3000.0,60.0,6000,0.03260741069213435,1.9564446415280612,6001.956444641528,2026-09-23,1.16.0
Pegasus XL,retired,LEO  →  GTO,2440.0,0.001,Antimatter-catalysed,100000.0,6.25e+16,89686,0.002491205468057256,155700341753578.5,155700341843264.5,2026-09-23,1.16.0
Pegasus XL,retired,LEO  →  average NEA,6500.0,1.5,HTP / RP-1  (peroxide bipropellant),320.0,4.6875,89686,6.935120641745304,32.50837800818111,89718.50837800818,2026-09-23,1.16.0
Pegasus XL,retired,LEO  →  main-belt asteroid,10500.0,3.5,Solar thermal  (LH2),800.0,10.0,89686,2.812852243996242,28.128522439962417,89714.12852243996,2026-09-23,1.16.0
Pegasus XL,retired,NEA  →  Earth return (aerocap),1500.0,1.5,kerolox  (RP-1 / LOX),340.0,0.896969696969697,89686,0.5681158448498358,0.5095826971986406,89686.5095826972,2026-09-23,1.16.0
Pegasus XL,retired,LEO  →  TLI (trans-lunar injection),3150.0,0.01,Iodine  (Hall / gridded),2000.0,60.0,89686,0.17422141630707588,10.453284978424552,89696.45328497843,2026-09-23,1.16.0
Pegasus XL,retired,LEO  →  cislunar NRHO depot,3600.0,0.02,MPD  (lithium magnetoplasmadynamic),4000.0,80.0,89686,0.09611757492989637,7.689405994391709,89693.68940599439,2026-09-23,1.16.0
Pegasus XL,retired,LEO  →  GEO depot,4291.0,0.01,Hydrazine  (monoprop),220.0,75.0,89686,6.3075650711893605,473.06738033920203,90159.0673803392,2026-09-23,1.16.0
Pegasus XL,retired,TLI  →  low lunar orbit (LOI),900.0,0.01,Electrospray  (ionic liquid),2500.0,2000.0,89686,0.03739190907097267,74.78381814194535,89760.78381814195,2026-09-23,1.16.0
Pegasus XL,retired,LEO  →  trans-Mars injection,3600.0,0.7,Mass driver  (regolith reaction mass),306.0,0.1,89686,2.319008629999918,0.23190086299999182,89686.231900863,2026-09-23,1.16.0
Pegasus XL,retired,LEO  →  Mars 1-sol orbit depot,4500.0,0.7,Aerozine-50 / NTO  (hypergolic),320.0,53.33333333333333,89686,3.1953464566232626,170.418477686574,89856.41847768657,2026-09-23,1.16.0
Pegasus XL,retired,NEA  →  LEO delivery (propulsive),3626.0,1.5,Solar sail  (photonic),inf,0.0,89686,0.0,0.0,89686.0,2026-09-23,1.16.0
Pegasus XL,retired,NEA  →  LEO delivery (aerobraked),100.0,2.0,Magnetic sail / electric sail,inf,0.0,89686,0.0,0.0,89686.0,2026-09-23,1.16.0
Ariane 5 ECA,retired,LEO  →  easy NEA (low-Δv class),4500.0,1.0,Cold gas  (GN2),70.0,1.0,9550,701.9730195115397,701.9730195115397,10251.973019511539,2026-09-23,1.16.0
Ariane 5 ECA,retired,LEO  →  hard NEA,8500.0,2.0,Solar thermal steam  (water),190.0,2.0,9550,94.76414266407669,189.52828532815337,9739.528285328153,2026-09-23,1.16.0
Ariane 5 ECA,retired,NEA  →  Earth return (propulsive),5500.0,1.5,hydrolox  (LH2 / LOX),452.0,1.5999999999999999,9550,2.4583967907443176,3.933434865190908,9553.93343486519,2026-09-23,1.16.0
Ariane 5 ECA,retired,Main belt  →  Earth return,7500.0,4.0,Water  (electrothermal / resistojet),190.0,2.0,9550,54.99125834368276,109.98251668736552,9659.982516687365,2026-09-23,1.16.0
Ariane 5 ECA,retired,TLI  →  NRHO insertion,450.0,0.01,"Metal / water  (ALICE, Al + H2O)",210.0,2.5,9550,0.24422222654740833,0.6105555663685208,9550.610555566369,2026-09-23,1.16.0
Ariane 5 ECA,retired,GTO  →  GEO (circularise + plane change),1836.0,0.01,Xenon  (Hall / ion),3000.0,10000.0,9550,0.06439507408831813,643.9507408831813,10193.950740883181,2026-09-23,1.16.0
Ariane 5 ECA,retired,GEO  →  Earth (deorbit to entry),1488.0,0.01,FEEP  (indium field emission),6000.0,250.0,9550,0.025611440526771112,6.402860131692778,9556.402860131693,2026-09-23,1.16.0
Ariane 5 ECA,retired,NRHO  →  low lunar orbit,730.0,0.01,Nuclear pulse  (Orion),10000.0,50000.0,9550,0.0074717032647879655,373.5851632393983,9923.585163239399,2026-09-23,1.16.0
Ariane 5 ECA,retired,Mars arrival  →  1-sol orbit (MOI),900.0,0.01,Green monoprop  (ASCENT / AF-M315E),235.0,500.0,9550,0.47776322999819465,238.88161499909734,9788.881614999098,2026-09-23,1.16.0
Ariane 5 ECA,retired,1-sol Mars orbit  →  Earth (TEI),900.0,0.7,"Nuclear thermal  (LH2, NTP)",900.0,10.0,9550,0.10735204606807192,1.0735204606807192,9551.07352046068,2026-09-23,1.16.0
Ariane 5 ECA,retired,NEA  →  cislunar NRHO (Oberth capture),944.0,1.6,Momentum-exchange tether,inf,0.0,9550,0.0,0.0,9550.0,2026-09-23,1.16.0
Vega,retired,LEO  →  Earth escape (C3=0),3200.0,0.003,Solid  (APCP),285.0,15.0,24533,2.1422670185099726,32.13400527764959,24565.13400527765,2026-09-23,1.16.0
Vega,retired,LEO  →  average NEA,6500.0,1.5,"VASIMR  (argon, variable Isp)",4000.0,10.0,24533,0.18022356761132197,1.8022356761132197,24534.802235676114,2026-09-23,1.16.0
Vega,retired,Asteroid station-keeping,200.0,0.5,methalox  (LCH4 / LOX),380.0,0.24347826086956526,24533,0.05513558405998076,0.013424316118951838,24533.01342431612,2026-09-23,1.16.0
Vega,retired,NEA  →  Earth return (aerocap),1500.0,1.5,Water  (gridded ion / ECR),900.0,2.0,24533,0.18524879029049157,0.37049758058098314,24533.37049758058,2026-09-23,1.16.0
Vega,retired,LEO  →  TLI (trans-lunar injection),3150.0,0.01,Li / F2 / H2  (tripropellant),542.0,37.5609756097561,24533,0.8087563261302055,30.3776766400126,24563.37767664001,2026-09-23,1.16.0
Vega,retired,LEO  →  GTO (perigee burn),2455.0,0.001,Argon  (Hall / ion),1500.0,10.0,24533,0.1816284784262896,1.816284784262896,24534.81628478426,2026-09-23,1.16.0
Vega,retired,LEO  →  GEO depot,4291.0,0.01,PPT  (PTFE pulsed plasma),1000.0,25.0,24533,0.5489235828283119,13.723089570707797,24546.723089570707,2026-09-23,1.16.0
Vega,retired,TLI  →  low lunar orbit (LOI),900.0,0.01,Direct fusion drive,10000.0,1000000.0,24533,0.009219687798885934,9219.687798885934,33752.687798885934,2026-09-23,1.16.0
Vega,retired,Low Mars orbit  →  Earth (TEI),2100.0,0.7,HTP  (98% peroxide monoprop),165.0,5.0,24533,2.6613086373630916,13.306543186815459,24546.306543186816,2026-09-23,1.16.0
Vega,retired,LEO  →  Mars 1-sol orbit depot,4500.0,0.7,"Nuclear electric  (NEP, xenon)",5000.0,10000.0,24533,0.09611757492989637,961.1757492989636,25494.175749298964,2026-09-23,1.16.0
Vega,retired,NEA  →  LEO delivery (propulsive),3626.0,1.5,Beamed laser-thermal  (H2),900.0,10.0,24533,0.5080724799056582,5.080724799056582,24538.080724799056,2026-09-23,1.16.0
Space Shuttle,retired,LEO  →  GTO,2440.0,0.001,Krypton  (Hall),2000.0,300.0,37529,0.13247485833542738,39.74245750062821,37568.74245750063,2026-09-23,1.16.0
Space Shuttle,retired,LEO  →  easy NEA (low-Δv class),4500.0,1.0,"Argon  (Hall / ion, cryogenic)",1500.0,10.0,37529,0.35786669814274674,3.5786669814274674,37532.578666981426,2026-09-23,1.16.0
Space Shuttle,retired,LEO  →  main-belt asteroid,10500.0,3.5,MMH / NTO  (hypergolic),336.0,59.528301886792455,37529,23.206305705304498,1381.4319717025603,38910.43197170256,2026-09-23,1.16.0
Space Shuttle,retired,NEA  →  Earth return (propulsive),5500.0,1.5,Hydrazine arcjet,600.0,75.0,37529,1.5465509166405629,115.99131874804222,37644.99131874804,2026-09-23,1.16.0
Space Shuttle,retired,Main belt  →  Earth return,7500.0,4.0,CO / LOX  (carbonaceous ISRU),260.0,0.7095541401273886,37529,17.944034424997508,12.732263916845367,37541.73226391685,2026-09-23,1.16.0
Space Shuttle,retired,LEO  →  cislunar NRHO depot,3600.0,0.02,UDMH / NTO  (hypergolic),318.0,47.5,37529,2.172105975221663,103.175033823029,37632.17503382303,2026-09-23,1.16.0
Space Shuttle,retired,GTO  →  GEO (circularise + plane change),1836.0,0.01,Mercury ion  (RETIRED),3000.0,60.0,37529,0.06439507408831813,3.8637044452990876,37532.8637044453,2026-09-23,1.16.0
Space Shuttle,retired,GEO  →  Earth (deorbit to entry),1488.0,0.01,Antimatter-catalysed,100000.0,6.25e+16,37529,0.0015184894642490399,94905591515564.98,94905591553093.98,2026-09-23,1.16.0
Space Shuttle,retired,LEO  →  trans-Mars injection,3600.0,0.7,HTP / RP-1  (peroxide bipropellant),320.0,4.6875,37529,2.149301680718452,10.074851628367744,37539.07485162837,2026-09-23,1.16.0
Space Shuttle,retired,Mars arrival  →  1-sol orbit (MOI),900.0,0.01,Solar thermal  (LH2),800.0,10.0,37529,0.12155719681666799,1.21557196816668,37530.21557196817,2026-09-23,1.16.0
Space Shuttle,retired,NEA  →  LEO delivery (propulsive),3626.0,1.5,kerolox  (RP-1 / LOX),340.0,0.896969696969697,37529,1.966839810591451,1.76419570889415,37530.76419570889,2026-09-23,1.16.0
Space Shuttle,retired,NEA  →  LEO delivery (aerobraked),100.0,2.0,Iodine  (Hall / gridded),2000.0,60.0,37529,0.005111600947564909,0.30669605685389456,37529.306696056854,2026-09-23,1.16.0
Saturn V,retired,LEO  →  Earth escape (C3=0),3200.0,0.003,MPD  (lithium magnetoplasmadynamic),4000.0,80.0,10698,0.08499708140363071,6.799766512290457,10704.799766512291,2026-09-23,1.16.0
Saturn V,retired,LEO  →  hard NEA,8500.0,2.0,Hydrazine  (monoprop),220.0,75.0,10698,50.408968467859545,3780.672635089466,14478.672635089466,2026-09-23,1.16.0
Saturn V,retired,Asteroid station-keeping,200.0,0.5,Electrospray  (ionic liquid),2500.0,2000.0,10698,0.00819109464646739,16.38218929293478,10714.382189292935,2026-09-23,1.16.0
Saturn V,retired,NEA  →  Earth return (aerocap),1500.0,1.5,Mass driver  (regolith reaction mass),306.0,0.1,10698,0.6484919309172572,0.06484919309172572,10698.064849193092,2026-09-23,1.16.0
Saturn V,retired,TLI  →  NRHO insertion,450.0,0.01,Aerozine-50 / NTO  (hypergolic),320.0,53.33333333333333,10698,0.1541886071272669,8.2233923801209,10706.223392380121,2026-09-23,1.16.0
Saturn V,retired,LEO  →  GTO (perigee burn),2455.0,0.001,Solar sail  (photonic),inf,0.0,10698,0.0,0.0,10698.0,2026-09-23,1.16.0
Saturn V,retired,LEO  →  GEO depot,4291.0,0.01,Magnetic sail / electric sail,inf,0.0,10698,0.0,0.0,10698.0,2026-09-23,1.16.0
Saturn V,retired,NRHO  →  low lunar orbit,730.0,0.01,Cold gas  (GN2),70.0,1.0,10698,1.8962544591476078,1.8962544591476078,10699.896254459147,2026-09-23,1.16.0
Saturn V,retired,Low Mars orbit  →  Earth (TEI),2100.0,0.7,Solar thermal steam  (water),190.0,2.0,10698,2.0865524674292875,4.173104934858575,10702.173104934858,2026-09-23,1.16.0
Saturn V,retired,1-sol Mars orbit  →  Earth (TEI),900.0,0.7,hydrolox  (LH2 / LOX),452.0,1.5999999999999999,10698,0.22512249984105637,0.36019599974569017,10698.360195999745,2026-09-23,1.16.0
Saturn V,retired,NEA  →  cislunar NRHO (Oberth capture),944.0,1.6,Water  (electrothermal / resistojet),190.0,2.0,10698,0.6597018038996871,1.3194036077993743,10699.3194036078,2026-09-23,1.16.0
Starship (projected),development,LEO  →  GTO,2440.0,0.001,"Metal / water  (ALICE, Al + H2O)",210.0,2.5,1603,2.270075664559711,5.6751891613992775,1608.6751891613992,2026-09-23,1.16.0
Starship (projected),development,LEO  →  average NEA,6500.0,1.5,Xenon  (Hall / ion),3000.0,10000.0,1603,0.24724673851146228,2472.4673851146226,4075.4673851146226,2026-09-23,1.16.0
Starship (projected),development,LEO  →  main-belt asteroid,10500.0,3.5,FEEP  (indium field emission),6000.0,250.0,1603,0.19536351678511377,48.84087919627844,1651.8408791962784,2026-09-23,1.16.0
Starship (projected),development,NEA  →  Earth return (propulsive),5500.0,1.5,Nuclear pulse  (Orion),10000.0,50000.0,1603,0.0576869399838289,2884.346999191445,4487.346999191444,2026-09-23,1.16.0
Starship (projected),development,LEO  →  TLI (trans-lunar injection),3150.0,0.01,Green monoprop  (ASCENT / AF-M315E),235.0,500.0,1603,2.922988152384356,1461.494076192178,3064.494076192178,2026-09-23,1.16.0
Starship (projected),development,LEO  →  cislunar NRHO depot,3600.0,0.02,"Nuclear thermal  (LH2, NTP)",900.0,10.0,1603,0.5036364664760675,5.036364664760676,1608.0363646647606,2026-09-23,1.16.0
Starship (projected),development,GTO  →  GEO (circularise + plane change),1836.0,0.01,Momentum-exchange tether,inf,0.0,1603,0.0,0.0,1603.0,2026-09-23,1.16.0
Starship (projected),development,TLI  →  low lunar orbit (LOI),900.0,0.01,Solid  (APCP),285.0,15.0,1603,0.37990636608423656,5.698595491263548,1608.6985954912636,2026-09-23,1.16.0
Starship (projected),development,LEO  →  trans-Mars injection,3600.0,0.7,"VASIMR  (argon, variable Isp)",4000.0,10.0,1603,0.09611757492989637,0.9611757492989637,1603.961175749299,2026-09-23,1.16.0
Starship (projected),development,LEO  →  Mars 1-sol orbit depot,4500.0,0.7,methalox  (LCH4 / LOX),380.0,0.24347826086956526,1603,2.34530768619034,0.5710314366376481,1603.5710314366377,2026-09-23,1.16.0
Starship (projected),development,NEA  →  LEO delivery (propulsive),3626.0,1.5,Water  (gridded ion / ECR),900.0,2.0,1603,0.5080724799056582,1.0161449598113164,1604.0161449598113,2026-09-23,1.16.0
Starship (projected),development,NEA  →  LEO delivery (aerobraked),100.0,2.0,Li / F2 / H2  (tripropellant),542.0,37.5609756097561,1603,0.01899204982193048,0.7133599201408034,1603.7133599201409,2026-09-23,1.16.0
New Glenn 9x4,development,LEO  →  easy NEA (low-Δv class),4500.0,1.0,Argon  (Hall / ion),1500.0,10.0,2771,0.35786669814274674,3.5786669814274674,2774.5786669814274,2026-09-23,1.16.0
New Glenn 9x4,development,LEO  →  hard NEA,8500.0,2.0,PPT  (PTFE pulsed plasma),1000.0,25.0,2771,1.3791868771005604,34.47967192751401,2805.479671927514,2026-09-23,1.16.0
New Glenn 9x4,development,Asteroid station-keeping,200.0,0.5,Direct fusion drive,10000.0,1000000.0,2771,0.002041513482750279,2041.513482750279,4812.513482750279,2026-09-23,1.16.0
New Glenn 9x4,development,Main belt  →  Earth return,7500.0,4.0,HTP  (98% peroxide monoprop),165.0,5.0,2771,102.03551095391994,510.1775547695997,3281.1775547695997,2026-09-23,1.16.0
New Glenn 9x4,development,TLI  →  NRHO insertion,450.0,0.01,"Nuclear electric  (NEP, xenon)",5000.0,10000.0,2771,0.009219687798885934,92.19687798885934,2863.1968779888593,2026-09-23,1.16.0
New Glenn 9x4,development,LEO  →  GTO (perigee burn),2455.0,0.001,Beamed laser-thermal  (H2),900.0,10.0,2771,0.32069210682367655,3.2069210682367655,2774.2069210682366,2026-09-23,1.16.0
New Glenn 9x4,development,GEO  →  Earth (deorbit to entry),1488.0,0.01,Krypton  (Hall),2000.0,300.0,2771,0.07881895895692659,23.645687687077977,2794.645687687078,2026-09-23,1.16.0
New Glenn 9x4,development,NRHO  →  low lunar orbit,730.0,0.01,"Argon  (Hall / ion, cryogenic)",1500.0,10.0,2771,0.05087819314977193,0.5087819314977193,2771.5087819314977,2026-09-23,1.16.0
New Glenn 9x4,development,Mars arrival  →  1-sol orbit (MOI),900.0,0.01,MMH / NTO  (hypergolic),336.0,59.528301886792455,2771,0.31408193212429425,18.696764072682047,2789.696764072682,2026-09-23,1.16.0
New Glenn 9x4,development,1-sol Mars orbit  →  Earth (TEI),900.0,0.7,Hydrazine arcjet,600.0,75.0,2771,0.16527537438270223,12.395653078702667,2783.3956530787027,2026-09-23,1.16.0
New Glenn 9x4,development,NEA  →  cislunar NRHO (Oberth capture),944.0,1.6,CO / LOX  (carbonaceous ISRU),260.0,0.7095541401273886,2771,0.4480754877369215,0.3179338174133316,2771.317933817413,2026-09-23,1.16.0
Neutron,development,LEO  →  Earth escape (C3=0),3200.0,0.003,UDMH / NTO  (hypergolic),318.0,47.5,4031,1.7902453261672626,85.03665299294498,4116.036652992945,2026-09-23,1.16.0
Neutron,development,LEO  →  average NEA,6500.0,1.5,Mercury ion  (RETIRED),3000.0,60.0,4031,0.24724673851146228,14.834804310687737,4045.8348043106876,2026-09-23,1.16.0
Neutron,development,LEO  →  main-belt asteroid,10500.0,3.5,Antimatter-catalysed,100000.0,6.25e+16,4031,0.010764545502183198,672784093886449.9,672784093890480.9,2026-09-23,1.16.0
Neutron,development,NEA  →  Earth return (aerocap),1500.0,1.5,HTP / RP-1  (peroxide bipropellant),320.0,4.6875,4031,0.6128325400818613,2.8726525316337246,4033.872652531634,2026-09-23,1.16.0
Neutron,development,LEO  →  TLI (trans-lunar injection),3150.0,0.01,Solar thermal  (LH2),800.0,10.0,4031,0.494083923548315,4.94083923548315,4035.940839235483,2026-09-23,1.16.0
Neutron,development,LEO  →  GTO (perigee burn),2455.0,0.001,kerolox  (RP-1 / LOX),340.0,0.896969696969697,4031,1.0881846271517501,0.976068635263388,4031.9760686352633,2026-09-23,1.16.0
Neutron,development,LEO  →  GEO depot,4291.0,0.01,Iodine  (Hall / gridded),2000.0,60.0,4031,0.24455758517969417,14.67345511078165,4045.6734551107816,2026-09-23,1.16.0
Neutron,development,TLI  →  low lunar orbit (LOI),900.0,0.01,MPD  (lithium magnetoplasmadynamic),4000.0,80.0,4031,0.02320884407714985,1.8567075261719879,4032.856707526172,2026-09-23,1.16.0
Neutron,development,Low Mars orbit  →  Earth (TEI),2100.0,0.7,Hydrazine  (monoprop),220.0,75.0,4031,1.646837354204247,123.51280156531853,4154.512801565318,2026-09-23,1.16.0
Neutron,development,LEO  →  Mars 1-sol orbit depot,4500.0,0.7,Electrospray  (ionic liquid),2500.0,2000.0,4031,0.20147373807019697,402.947476140394,4433.947476140394,2026-09-23,1.16.0
Neutron,development,NEA  →  LEO delivery (propulsive),3626.0,1.5,Mass driver  (regolith reaction mass),306.0,0.1,4031,2.3478903068950694,0.23478903068950696,4031.2347890306896,2026-09-23,1.16.0
Terran R,development,LEO  →  GTO,2440.0,0.001,Aerozine-50 / NTO  (hypergolic),320.0,53.33333333333333,2638,1.1760985389137675,62.72525540873426,2700.7252554087345,2026-09-23,1.16.0
Terran R,development,LEO  →  easy NEA (low-Δv class),4500.0,1.0,Solar sail  (photonic),inf,0.0,2638,0.0,0.0,2638.0,2026-09-23,1.16.0
Terran R,development,LEO  →  hard NEA,8500.0,2.0,Magnetic sail / electric sail,inf,0.0,2638,0.0,0.0,2638.0,2026-09-23,1.16.0
Terran R,development,NEA  →  Earth return (propulsive),5500.0,1.5,Cold gas  (GN2),70.0,1.0,2638,3016.113803245216,3016.113803245216,5654.113803245216,2026-09-23,1.16.0
Terran R,development,Main belt  →  Earth return,7500.0,4.0,Solar thermal steam  (water),190.0,2.0,2638,54.99125834368276,109.98251668736552,2747.9825166873657,2026-09-23,1.16.0
Terran R,development,LEO  →  cislunar NRHO depot,3600.0,0.02,hydrolox  (LH2 / LOX),452.0,1.5999999999999999,2638,1.2527762747337077,2.004442039573932,2640.004442039574,2026-09-23,1.16.0
Terran R,development,GTO  →  GEO (circularise + plane change),1836.0,0.01,Water  (electrothermal / resistojet),190.0,2.0,2638,1.6787971720703507,3.3575943441407015,2641.3575943441406,2026-09-23,1.16.0
Terran R,development,GEO  →  Earth (deorbit to entry),1488.0,0.01,"Metal / water  (ALICE, Al + H2O)",210.0,2.5,2638,1.0596617571614249,2.6491543929035624,2640.6491543929037,2026-09-23,1.16.0
Terran R,development,LEO  →  trans-Mars injection,3600.0,0.7,Xenon  (Hall / ion),3000.0,10000.0,2638,0.13016760593015353,1301.6760593015354,3939.676059301535,2026-09-23,1.16.0
Terran R,development,Mars arrival  →  1-sol orbit (MOI),900.0,0.01,FEEP  (indium field emission),6000.0,250.0,2638,0.015413321793718682,3.8533304484296704,2641.8533304484295,2026-09-23,1.16.0
Terran R,development,1-sol Mars orbit  →  Earth (TEI),900.0,0.7,Nuclear pulse  (Orion),10000.0,50000.0,2638,0.009219687798885934,460.9843899442967,3098.9843899442967,2026-09-23,1.16.0
Terran R,development,NEA  →  LEO delivery (aerobraked),100.0,2.0,Green monoprop  (ASCENT / AF-M315E),235.0,500.0,2638,0.04434738594975829,22.173692974879145,2660.173692974879,2026-09-23,1.16.0
Nova,development,LEO  →  Earth escape (C3=0),3200.0,0.003,"Nuclear thermal  (LH2, NTP)",900.0,10.0,8167,0.43701172240044106,4.37011722400441,8171.370117224004,2026-09-23,1.16.0
Nova,development,LEO  →  average NEA,6500.0,1.5,Momentum-exchange tether,inf,0.0,8167,0.0,0.0,8167.0,2026-09-23,1.16.0
Nova,development,Asteroid station-keeping,200.0,0.5,Solid  (APCP),285.0,15.0,8167,0.07418156044155833,1.1127234066233749,8168.112723406623,2026-09-23,1.16.0
Nova,development,NEA  →  Earth return (aerocap),1500.0,1.5,"VASIMR  (argon, variable Isp)",4000.0,10.0,8167,0.03897989125308987,0.3897989125308987,8167.389798912531,2026-09-23,1.16.0
Nova,development,TLI  →  NRHO insertion,450.0,0.01,methalox  (LCH4 / LOX),380.0,0.24347826086956526,8167,0.12834941178063697,0.03125029156398118,8167.031250291564,2026-09-23,1.16.0
Nova,development,LEO  →  GTO (perigee burn),2455.0,0.001,Water  (gridded ion / ECR),900.0,2.0,8167,0.32069210682367655,0.6413842136473531,8167.641384213647,2026-09-23,1.16.0
Nova,development,LEO  →  GEO depot,4291.0,0.01,Li / F2 / H2  (tripropellant),542.0,37.5609756097561,8167,1.2418618235459684,46.64554166489735,8213.645541664897,2026-09-23,1.16.0
Nova,development,NRHO  →  low lunar orbit,730.0,0.01,Argon  (Hall / ion),1500.0,10.0,8167,0.05087819314977193,0.5087819314977193,8167.508781931498,2026-09-23,1.16.0
Nova,development,Low Mars orbit  →  Earth (TEI),2100.0,0.7,PPT  (PTFE pulsed plasma),1000.0,25.0,8167,0.23879657547648647,5.969914386912162,8172.969914386912,2026-09-23,1.16.0
Nova,development,LEO  →  Mars 1-sol orbit depot,4500.0,0.7,Direct fusion drive,10000.0,1000000.0,8167,0.04695633859769743,46956.33859769743,55123.33859769743,2026-09-23,1.16.0
Nova,development,NEA  →  cislunar NRHO (Oberth capture),944.0,1.6,HTP  (98% peroxide monoprop),165.0,5.0,8167,0.7921235827957978,3.9606179139789885,8170.960617913979,2026-09-23,1.16.0
Eclipse (MLV),development,LEO  →  GTO,2440.0,0.001,"Nuclear electric  (NEP, xenon)",5000.0,10000.0,4908,0.05102108253418258,510.21082534182585,5418.2108253418255,2026-09-23,1.16.0
Eclipse (MLV),development,LEO  →  easy NEA (low-Δv class),4500.0,1.0,Beamed laser-thermal  (H2),900.0,10.0,4908,0.6650549176948393,6.650549176948393,4914.6505491769485,2026-09-23,1.16.0
Eclipse (MLV),development,LEO  →  main-belt asteroid,10500.0,3.5,Krypton  (Hall),2000.0,300.0,4908,0.7080476819570869,212.41430458712608,5120.414304587126,2026-09-23,1.16.0
Eclipse (MLV),development,NEA  →  Earth return (propulsive),5500.0,1.5,"Argon  (Hall / ion, cryogenic)",1500.0,10.0,4908,0.4533859101665485,4.533859101665485,4912.533859101665,2026-09-23,1.16.0
Eclipse (MLV),development,LEO  →  TLI (trans-lunar injection),3150.0,0.01,MMH / NTO  (hypergolic),336.0,59.528301886792455,4908,1.6012288023469088,95.31843153593391,5003.318431535934,2026-09-23,1.16.0
Eclipse (MLV),development,LEO  →  cislunar NRHO depot,3600.0,0.02,Hydrazine arcjet,600.0,75.0,4908,0.8438019699250852,63.28514774438139,4971.285147744381,2026-09-23,1.16.0
Eclipse (MLV),development,GTO  →  GEO (circularise + plane change),1836.0,0.01,CO / LOX  (carbonaceous ISRU),260.0,0.7095541401273886,4908,1.0545904337631105,0.7482890084153536,4908.748289008416,2026-09-23,1.16.0
Eclipse (MLV),development,TLI  →  low lunar orbit (LOI),900.0,0.01,UDMH / NTO  (hypergolic),318.0,47.5,4908,0.3345563682536492,15.891427492048336,4923.891427492048,2026-09-23,1.16.0
Eclipse (MLV),development,LEO  →  trans-Mars injection,3600.0,0.7,Mercury ion  (RETIRED),3000.0,60.0,4908,0.13016760593015353,7.810056355809212,4915.810056355809,2026-09-23,1.16.0
Eclipse (MLV),development,Mars arrival  →  1-sol orbit (MOI),900.0,0.01,Antimatter-catalysed,100000.0,6.25e+16,4908,0.0009181658481065558,57385365506659.734,57385365511567.734,2026-09-23,1.16.0
Eclipse (MLV),development,NEA  →  LEO delivery (propulsive),3626.0,1.5,HTP / RP-1  (peroxide bipropellant),320.0,4.6875,4908,2.1755026470017573,10.197668657820737,4918.197668657821,2026-09-23,1.16.0
Eclipse (MLV),development,NEA  →  LEO delivery (aerobraked),100.0,2.0,Solar thermal  (LH2),800.0,10.0,4908,0.012828034949711853,0.12828034949711853,4908.128280349497,2026-09-23,1.16.0
Tianlong-3,development,LEO  →  easy NEA (low-Δv class),4500.0,1.0,kerolox  (RP-1 / LOX),340.0,0.896969696969697,1971,2.8559769519136196,2.561724781110398,1973.5617247811103,2026-09-23,1.16.0
Tianlong-3,development,LEO  →  hard NEA,8500.0,2.0,Iodine  (Hall / gridded),2000.0,60.0,1971,0.5424613048957048,32.54767829374229,2003.5476782937424,2026-09-23,1.16.0
Tianlong-3,development,Asteroid station-keeping,200.0,0.5,MPD  (lithium magnetoplasmadynamic),4000.0,80.0,1971,0.005111600947564909,0.40892807580519275,1971.4089280758053,2026-09-23,1.16.0
Tianlong-3,development,Main belt  →  Earth return,7500.0,4.0,Hydrazine  (monoprop),220.0,75.0,1971,31.340013497642033,2350.5010123231523,4321.501012323152,2026-09-23,1.16.0
Tianlong-3,development,TLI  →  NRHO insertion,450.0,0.01,Electrospray  (ionic liquid),2500.0,2000.0,1971,0.018524378240880823,37.04875648176164,2008.0487564817618,2026-09-23,1.16.0
Tianlong-3,development,LEO  →  GTO (perigee burn),2455.0,0.001,Mass driver  (regolith reaction mass),306.0,0.1,1971,1.2662027977737202,0.12662027977737203,1971.1266202797774,2026-09-23,1.16.0
Tianlong-3,development,GEO  →  Earth (deorbit to entry),1488.0,0.01,Aerozine-50 / NTO  (hypergolic),320.0,53.33333333333333,1971,0.6066769487883765,32.35610393538008,2003.3561039353801,2026-09-23,1.16.0
Tianlong-3,development,NRHO  →  low lunar orbit,730.0,0.01,Solar sail  (photonic),inf,0.0,1971,0.0,0.0,1971.0,2026-09-23,1.16.0
Tianlong-3,development,Low Mars orbit  →  Earth (TEI),2100.0,0.7,Magnetic sail / electric sail,inf,0.0,1971,0.0,0.0,1971.0,2026-09-23,1.16.0
Tianlong-3,development,1-sol Mars orbit  →  Earth (TEI),900.0,0.7,Cold gas  (GN2),70.0,1.0,1971,2.710118075525866,2.710118075525866,1973.7101180755258,2026-09-23,1.16.0
Tianlong-3,development,NEA  →  cislunar NRHO (Oberth capture),944.0,1.6,Solar thermal steam  (water),190.0,2.0,1971,0.6597018038996871,1.3194036077993743,1972.3194036077994,2026-09-23,1.16.0
Long March 10,development,LEO  →  Earth escape (C3=0),3200.0,0.003,hydrolox  (LH2 / LOX),452.0,1.5999999999999999,3029,1.0583876509829158,1.6934202415726651,3030.6934202415728,2026-09-23,1.16.0
Long March 10,development,LEO  →  average NEA,6500.0,1.5,Water  (electrothermal / resistojet),190.0,2.0,3029,31.7368984224723,63.4737968449446,3092.4737968449444,2026-09-23,1.16.0
Long March 10,development,LEO  →  main-belt asteroid,10500.0,3.5,"Metal / water  (ALICE, Al + H2O)",210.0,2.5,3029,162.78933589765126,406.9733397441281,3435.973339744128,2026-09-23,1.16.0
Long March 10,development,NEA  →  Earth return (aerocap),1500.0,1.5,Xenon  (Hall / ion),3000.0,10000.0,3029,0.05230796161013229,523.0796161013229,3552.079616101323,2026-09-23,1.16.0
Long March 10,development,LEO  →  TLI (trans-lunar injection),3150.0,0.01,FEEP  (indium field emission),6000.0,250.0,3029,0.05499402265417652,13.74850566354413,3042.748505663544,2026-09-23,1.16.0
Long March 10,development,LEO  →  cislunar NRHO depot,3600.0,0.02,Nuclear pulse  (Orion),10000.0,50000.0,3029,0.03739190907097267,1869.5954535486337,4898.5954535486335,2026-09-23,1.16.0
Long March 10,development,LEO  →  GEO depot,4291.0,0.01,Green monoprop  (ASCENT / AF-M315E),235.0,500.0,3029,5.436329426004729,2718.1647130023644,5747.164713002365,2026-09-23,1.16.0
Long March 10,development,TLI  →  low lunar orbit (LOI),900.0,0.01,"Nuclear thermal  (LH2, NTP)",900.0,10.0,3029,0.10735204606807192,1.0735204606807192,3030.073520460681,2026-09-23,1.16.0
Long March 10,development,LEO  →  trans-Mars injection,3600.0,0.7,Momentum-exchange tether,inf,0.0,3029,0.0,0.0,3029.0,2026-09-23,1.16.0
Long March 10,development,LEO  →  Mars 1-sol orbit depot,4500.0,0.7,Solid  (APCP),285.0,15.0,3029,4.003202618156942,60.048039272354124,3089.0480392723543,2026-09-23,1.16.0
Long March 10,development,NEA  →  LEO delivery (propulsive),3626.0,1.5,"VASIMR  (argon, variable Isp)",4000.0,10.0,3029,0.09684433951933658,0.9684433951933658,3029.9684433951934,2026-09-23,1.16.0
Long March 9,development,LEO  →  GTO,2440.0,0.001,methalox  (LCH4 / LOX),380.0,0.24347826086956526,4713,0.9246904455080878,0.2251420215150127,4713.225142021515,2026-09-23,1.16.0
Long March 9,development,LEO  →  easy NEA (low-Δv class),4500.0,1.0,Water  (gridded ion / ECR),900.0,2.0,4713,0.6650549176948393,1.3301098353896785,4714.3301098353895,2026-09-23,1.16.0
Long March 9,development,LEO  →  hard NEA,8500.0,2.0,Li / F2 / H2  (tripropellant),542.0,37.5609756097561,4713,3.94900201371048,148.32836831985705,4861.328368319857,2026-09-23,1.16.0
Long March 9,development,NEA  →  Earth return (propulsive),5500.0,1.5,Argon  (Hall / ion),1500.0,10.0,4713,0.4533859101665485,4.533859101665485,4717.533859101665,2026-09-23,1.16.0
Long March 9,development,Main belt  →  Earth return,7500.0,4.0,PPT  (PTFE pulsed plasma),1000.0,25.0,4713,1.1485370307920175,28.713425769800438,4741.713425769801,2026-09-23,1.16.0
Long March 9,development,TLI  →  NRHO insertion,450.0,0.01,Direct fusion drive,10000.0,1000000.0,4713,0.004599267269733698,4599.2672697336975,9312.267269733697,2026-09-23,1.16.0
Long March 9,development,GTO  →  GEO (circularise + plane change),1836.0,0.01,HTP  (98% peroxide monoprop),165.0,5.0,4713,2.110134710799623,10.550673553998116,4723.550673553998,2026-09-23,1.16.0
Long March 9,development,GEO  →  Earth (deorbit to entry),1488.0,0.01,"Nuclear electric  (NEP, xenon)",5000.0,10000.0,4713,0.030811910655788255,308.11910655788256,5021.119106557882,2026-09-23,1.16.0
Long March 9,development,NRHO  →  low lunar orbit,730.0,0.01,Beamed laser-thermal  (H2),900.0,10.0,4713,0.0862270993271026,0.862270993271026,4713.862270993271,2026-09-23,1.16.0
Long March 9,development,Mars arrival  →  1-sol orbit (MOI),900.0,0.01,Krypton  (Hall),2000.0,300.0,4713,0.04695633859769743,14.086901579309231,4727.08690157931,2026-09-23,1.16.0
Long March 9,development,1-sol Mars orbit  →  Earth (TEI),900.0,0.7,"Argon  (Hall / ion, cryogenic)",1500.0,10.0,4713,0.06309341354847708,0.6309341354847708,4713.6309341354845,2026-09-23,1.16.0
Long March 9,development,NEA  →  LEO delivery (aerobraked),100.0,2.0,MMH / NTO  (hypergolic),336.0,59.528301886792455,4713,0.03081391282081425,1.8342999047107351,4714.834299904711,2026-09-23,1.16.0
Soyuz-5,development,LEO  →  Earth escape (C3=0),3200.0,0.003,Hydrazine arcjet,600.0,75.0,2934,0.7226238918501466,54.196791888761,2988.196791888761,2026-09-23,1.16.0
Soyuz-5,development,LEO  →  average NEA,6500.0,1.5,CO / LOX  (carbonaceous ISRU),260.0,0.7095541401273886,2934,11.798020780482084,8.371334490100027,2942.3713344901003,2026-09-23,1.16.0
Soyuz-5,development,Asteroid station-keeping,200.0,0.5,UDMH / NTO  (hypergolic),318.0,47.5,2934,0.06623429993843333,3.1461292470755833,2937.146129247076,2026-09-23,1.16.0
Soyuz-5,development,NEA  →  Earth return (aerocap),1500.0,1.5,Mercury ion  (RETIRED),3000.0,60.0,2934,0.05230796161013229,3.1384776966079375,2937.138477696608,2026-09-23,1.16.0
Soyuz-5,development,LEO  →  TLI (trans-lunar injection),3150.0,0.01,Antimatter-catalysed,100000.0,6.25e+16,2934,0.003217270411575379,201079400723461.2,201079400726395.2,2026-09-23,1.16.0
Soyuz-5,development,LEO  →  GTO (perigee burn),2455.0,0.001,HTP / RP-1  (peroxide bipropellant),320.0,4.6875,2934,1.1865250143003627,5.5618360045329505,2939.561836004533,2026-09-23,1.16.0
Soyuz-5,development,LEO  →  GEO depot,4291.0,0.01,Solar thermal  (LH2),800.0,10.0,2934,0.727975140054836,7.27975140054836,2941.2797514005483,2026-09-23,1.16.0
Soyuz-5,development,NRHO  →  low lunar orbit,730.0,0.01,kerolox  (RP-1 / LOX),340.0,0.896969696969697,2934,0.24475543050367077,0.21953820433056528,2934.2195382043305,2026-09-23,1.16.0
Soyuz-5,development,Low Mars orbit  →  Earth (TEI),2100.0,0.7,Iodine  (Hall / gridded),2000.0,60.0,2934,0.1130123878360414,6.780743270162484,2940.7807432701625,2026-09-23,1.16.0
Soyuz-5,development,LEO  →  Mars 1-sol orbit depot,4500.0,0.7,MPD  (lithium magnetoplasmadynamic),4000.0,80.0,2934,0.12155719681666799,9.72457574533344,2943.7245757453334,2026-09-23,1.16.0
Soyuz-5,development,NEA  →  cislunar NRHO (Oberth capture),944.0,1.6,Hydrazine  (monoprop),220.0,75.0,2934,0.5489092241449558,41.16819181087168,2975.1681918108716,2026-09-23,1.16.0
Epsilon S,development,LEO  →  GTO,2440.0,0.001,Electrospray  (ionic liquid),2500.0,2000.0,22000,0.10464531593132476,209.29063186264952,22209.29063186265,2026-09-23,1.16.0
Epsilon S,development,LEO  →  easy NEA (low-Δv class),4500.0,1.0,Mass driver  (regolith reaction mass),306.0,0.1,22000,3.4798190999851117,0.3479819099985112,22000.34798191,2026-09-23,1.16.0
Epsilon S,development,LEO  →  main-belt asteroid,10500.0,3.5,Aerozine-50 / NTO  (hypergolic),320.0,53.33333333333333,22000,27.38735568973286,1460.6589701190858,23460.658970119086,2026-09-23,1.16.0
Epsilon S,development,NEA  →  Earth return (propulsive),5500.0,1.5,Solar sail  (photonic),inf,0.0,22000,0.0,0.0,22000.0,2026-09-23,1.16.0
Epsilon S,development,Main belt  →  Earth return,7500.0,4.0,Magnetic sail / electric sail,inf,0.0,22000,0.0,0.0,22000.0,2026-09-23,1.16.0
Epsilon S,development,LEO  →  cislunar NRHO depot,3600.0,0.02,Cold gas  (GN2),70.0,1.0,22000,188.47456797905315,188.47456797905315,22188.474567979054,2026-09-23,1.16.0
Epsilon S,development,GTO  →  GEO (circularise + plane change),1836.0,0.01,Solar thermal steam  (water),190.0,2.0,22000,1.6787971720703507,3.3575943441407015,22003.35759434414,2026-09-23,1.16.0
Epsilon S,development,TLI  →  low lunar orbit (LOI),900.0,0.01,hydrolox  (LH2 / LOX),452.0,1.5999999999999999,22000,0.22512249984105637,0.36019599974569017,22000.360195999747,2026-09-23,1.16.0
Epsilon S,development,LEO  →  trans-Mars injection,3600.0,0.7,Water  (electrothermal / resistojet),190.0,2.0,22000,5.903951143604084,11.807902287208169,22011.807902287208,2026-09-23,1.16.0
Epsilon S,development,Mars arrival  →  1-sol orbit (MOI),900.0,0.01,"Metal / water  (ALICE, Al + H2O)",210.0,2.5,22000,0.5480889490345904,1.370222372586476,22001.370222372585,2026-09-23,1.16.0
Epsilon S,development,NEA  →  LEO delivery (propulsive),3626.0,1.5,Xenon  (Hall / ion),3000.0,10000.0,22000,0.13116683760296732,1311.6683760296733,23311.668376029673,2026-09-23,1.16.0
Epsilon S,development,NEA  →  LEO delivery (aerobraked),100.0,2.0,FEEP  (indium field emission),6000.0,250.0,22000,0.0017009720361762515,0.42524300904406287,22000.425243009046,2026-09-23,1.16.0
Hyperbola-3,development,LEO  →  Earth escape (C3=0),3200.0,0.003,Nuclear pulse  (Orion),10000.0,50000.0,4988,0.033169145570771885,1658.4572785385942,6646.457278538594,2026-09-23,1.16.0
Hyperbola-3,development,LEO  →  hard NEA,8500.0,2.0,Green monoprop  (ASCENT / AF-M315E),235.0,500.0,4988,38.97823729501452,19489.11864750726,24477.11864750726,2026-09-23,1.16.0
Hyperbola-3,development,Asteroid station-keeping,200.0,0.5,"Nuclear thermal  (LH2, NTP)",900.0,10.0,4988,0.022919056607677124,0.22919056607677124,4988.229190566077,2026-09-23,1.16.0
Hyperbola-3,development,NEA  →  Earth return (aerocap),1500.0,1.5,Momentum-exchange tether,inf,0.0,4988,0.0,0.0,4988.0,2026-09-23,1.16.0
Hyperbola-3,development,TLI  →  NRHO insertion,450.0,0.01,Solid  (APCP),285.0,15.0,4988,0.1746941585298858,2.620412377948287,4990.620412377948,2026-09-23,1.16.0
Hyperbola-3,development,LEO  →  GTO (perigee burn),2455.0,0.001,"VASIMR  (argon, variable Isp)",4000.0,10.0,4988,0.06458503269686378,0.6458503269686378,4988.645850326969,2026-09-23,1.16.0
Hyperbola-3,development,GEO  →  Earth (deorbit to entry),1488.0,0.01,methalox  (LCH4 / LOX),380.0,0.24347826086956526,4988,0.49077989322320015,0.1194942348717357,4988.119494234872,2026-09-23,1.16.0
Hyperbola-3,development,NRHO  →  low lunar orbit,730.0,0.01,Water  (gridded ion / ECR),900.0,2.0,4988,0.0862270993271026,0.1724541986542052,4988.172454198654,2026-09-23,1.16.0
Hyperbola-3,development,Low Mars orbit  →  Earth (TEI),2100.0,0.7,Li / F2 / H2  (tripropellant),542.0,37.5609756097561,4988,0.4845222415788999,18.19912809832941,5006.199128098329,2026-09-23,1.16.0
Hyperbola-3,development,1-sol Mars orbit  →  Earth (TEI),900.0,0.7,Argon  (Hall / ion),1500.0,10.0,4988,0.06309341354847708,0.6309341354847708,4988.6309341354845,2026-09-23,1.16.0
Hyperbola-3,development,NEA  →  cislunar NRHO (Oberth capture),944.0,1.6,PPT  (PTFE pulsed plasma),1000.0,25.0,4988,0.10104663138127234,2.5261657845318086,4990.526165784532,2026-09-23,1.16.0
SLS Block 1B (Cargo),concept,LEO  →  GTO,2440.0,0.001,Direct fusion drive,10000.0,1000000.0,25238,0.025193192785722074,25193.192785722073,50431.19278572207,2026-09-23,1.16.0
SLS Block 1B (Cargo),concept,LEO  →  average NEA,6500.0,1.5,HTP  (98% peroxide monoprop),165.0,5.0,25238,54.5377999613447,272.68899980672353,25510.688999806724,2026-09-23,1.16.0
SLS Block 1B (Cargo),concept,LEO  →  main-belt asteroid,10500.0,3.5,"Nuclear electric  (NEP, xenon)",5000.0,10000.0,25238,0.23879657547648647,2387.965754764865,27625.965754764864,2026-09-23,1.16.0
SLS Block 1B (Cargo),concept,NEA  →  Earth return (propulsive),5500.0,1.5,Beamed laser-thermal  (H2),900.0,10.0,25238,0.8648113738070802,8.648113738070801,25246.648113738072,2026-09-23,1.16.0
SLS Block 1B (Cargo),concept,LEO  →  TLI (trans-lunar injection),3150.0,0.01,Krypton  (Hall),2000.0,300.0,25238,0.17422141630707588,52.266424892122764,25290.26642489212,2026-09-23,1.16.0
SLS Block 1B (Cargo),concept,LEO  →  cislunar NRHO depot,3600.0,0.02,"Argon  (Hall / ion, cryogenic)",1500.0,10.0,25238,0.2772788174938945,2.772788174938945,25240.772788174938,2026-09-23,1.16.0
SLS Block 1B (Cargo),concept,LEO  →  GEO depot,4291.0,0.01,MMH / NTO  (hypergolic),336.0,59.528301886792455,25238,2.6776081452090406,159.39346600253816,25397.393466002537,2026-09-23,1.16.0
SLS Block 1B (Cargo),concept,TLI  →  low lunar orbit (LOI),900.0,0.01,Hydrazine arcjet,600.0,75.0,25238,0.16527537438270223,12.395653078702667,25250.395653078704,2026-09-23,1.16.0
SLS Block 1B (Cargo),concept,LEO  →  trans-Mars injection,3600.0,0.7,CO / LOX  (carbonaceous ISRU),260.0,0.7095541401273886,25238,3.103805674301375,2.202318166351422,25240.20231816635,2026-09-23,1.16.0
SLS Block 1B (Cargo),concept,LEO  →  Mars 1-sol orbit depot,4500.0,0.7,UDMH / NTO  (hypergolic),318.0,47.5,25238,3.2333542300075235,153.58432592535738,25391.584325925356,2026-09-23,1.16.0
SLS Block 1B (Cargo),concept,NEA  →  LEO delivery (propulsive),3626.0,1.5,Mercury ion  (RETIRED),3000.0,60.0,25238,0.13116683760296732,7.870010256178039,25245.870010256178,2026-09-23,1.16.0
SLS Block 1B (Cargo),concept,NEA  →  LEO delivery (aerobraked),100.0,2.0,Antimatter-catalysed,100000.0,6.25e+16,25238,0.00010197682058032953,6373551286270.596,6373551311508.596,2026-09-23,1.16.0
SpinLaunch Orbital,concept,LEO  →  easy NEA (low-Δv class),4500.0,1.0,HTP / RP-1  (peroxide bipropellant),320.0,4.6875,6250,3.1953464566232626,14.978186515421543,6264.978186515422,2026-09-23,1.16.0
SpinLaunch Orbital,concept,LEO  →  hard NEA,8500.0,2.0,Solar thermal  (LH2),800.0,10.0,6250,1.954851737868093,19.54851737868093,6269.548517378681,2026-09-23,1.16.0
SpinLaunch Orbital,concept,NEA  →  Earth return (propulsive),5500.0,1.5,kerolox  (RP-1 / LOX),340.0,0.896969696969697,6250,4.204590021896218,3.771389837822062,6253.771389837822,2026-09-23,1.16.0
SpinLaunch Orbital,concept,Main belt  →  Earth return,7500.0,4.0,Iodine  (Hall / gridded),2000.0,60.0,6250,0.4657888766094582,27.94733259656749,6277.947332596567,2026-09-23,1.16.0
SpinLaunch Orbital,concept,TLI  →  NRHO insertion,450.0,0.01,MPD  (lithium magnetoplasmadynamic),4000.0,80.0,6250,0.01153786092125575,0.9230288737004599,6250.923028873701,2026-09-23,1.16.0
SpinLaunch Orbital,concept,GTO  →  GEO (circularise + plane change),1836.0,0.01,Hydrazine  (monoprop),220.0,75.0,6250,1.3419865693512252,100.64899270134188,6350.648992701342,2026-09-23,1.16.0
SpinLaunch Orbital,concept,GEO  →  Earth (deorbit to entry),1488.0,0.01,Electrospray  (ionic liquid),2500.0,2000.0,6250,0.06257319514983695,125.1463902996739,6375.146390299674,2026-09-23,1.16.0
SpinLaunch Orbital,concept,NRHO  →  low lunar orbit,730.0,0.01,Mass driver  (regolith reaction mass),306.0,0.1,6250,0.275407368783515,0.027540736878351502,6250.027540736878,2026-09-23,1.16.0
SpinLaunch Orbital,concept,Mars arrival  →  1-sol orbit (MOI),900.0,0.01,Aerozine-50 / NTO  (hypergolic),320.0,53.33333333333333,6250,0.3321513408223806,17.71473817719363,6267.714738177194,2026-09-23,1.16.0
SpinLaunch Orbital,concept,1-sol Mars orbit  →  Earth (TEI),900.0,0.7,Solar sail  (photonic),inf,0.0,6250,0.0,0.0,6250.0,2026-09-23,1.16.0
SpinLaunch Orbital,concept,NEA  →  cislunar NRHO (Oberth capture),944.0,1.6,Magnetic sail / electric sail,inf,0.0,6250,0.0,0.0,6250.0,2026-09-23,1.16.0
Light-gas gun (orbital),concept,LEO  →  Earth escape (C3=0),3200.0,0.003,Cold gas  (GN2),70.0,1.0,10000,104.80098514351683,104.80098514351683,10104.800985143516,2026-09-23,1.16.0
Light-gas gun (orbital),concept,LEO  →  average NEA,6500.0,1.5,Solar thermal steam  (water),190.0,2.0,10000,31.7368984224723,63.4737968449446,10063.473796844944,2026-09-23,1.16.0
Light-gas gun (orbital),concept,Asteroid station-keeping,200.0,0.5,hydrolox  (LH2 / LOX),452.0,1.5999999999999999,10000,0.04615358580226081,0.07384573728361729,10000.073845737285,2026-09-23,1.16.0
Light-gas gun (orbital),concept,NEA  →  Earth return (aerocap),1500.0,1.5,Water  (electrothermal / resistojet),190.0,2.0,10000,1.2367839900528934,2.473567980105787,10002.473567980105,2026-09-23,1.16.0
Light-gas gun (orbital),concept,LEO  →  TLI (trans-lunar injection),3150.0,0.01,"Metal / water  (ALICE, Al + H2O)",210.0,2.5,10000,3.616211372684578,9.040528431711445,10009.040528431711,2026-09-23,1.16.0
Light-gas gun (orbital),concept,LEO  →  GTO (perigee burn),2455.0,0.001,Xenon  (Hall / ion),3000.0,10000.0,10000,0.08702735863743993,870.2735863743993,10870.2735863744,2026-09-23,1.16.0
Light-gas gun (orbital),concept,LEO  →  GEO depot,4291.0,0.01,FEEP  (indium field emission),6000.0,250.0,10000,0.07565169359459789,18.912923398649472,10018.91292339865,2026-09-23,1.16.0
Light-gas gun (orbital),concept,TLI  →  low lunar orbit (LOI),900.0,0.01,Nuclear pulse  (Orion),10000.0,50000.0,10000,0.009219687798885934,460.9843899442967,10460.984389944297,2026-09-23,1.16.0
Light-gas gun (orbital),concept,Low Mars orbit  →  Earth (TEI),2100.0,0.7,Green monoprop  (ASCENT / AF-M315E),235.0,500.0,10000,1.4873944693998107,743.6972346999054,10743.697234699905,2026-09-23,1.16.0
Light-gas gun (orbital),concept,LEO  →  Mars 1-sol orbit depot,4500.0,0.7,"Nuclear thermal  (LH2, NTP)",900.0,10.0,10000,0.6650549176948393,6.650549176948393,10006.650549176948,2026-09-23,1.16.0
Light-gas gun (orbital),concept,NEA  →  LEO delivery (propulsive),3626.0,1.5,Momentum-exchange tether,inf,0.0,10000,0.0,0.0,10000.0,2026-09-23,1.16.0
StarTram (maglev),concept,LEO  →  GTO,2440.0,0.001,Solid  (APCP),285.0,15.0,40,1.3941306902036077,20.911960353054116,60.91196035305411,2026-09-23,1.16.0
StarTram (maglev),concept,LEO  →  easy NEA (low-Δv class),4500.0,1.0,"VASIMR  (argon, variable Isp)",4000.0,10.0,40,0.12155719681666799,1.21557196816668,41.21557196816668,2026-09-23,1.16.0
StarTram (maglev),concept,LEO  →  main-belt asteroid,10500.0,3.5,methalox  (LCH4 / LOX),380.0,0.24347826086956526,40,15.737252174088052,3.831678790212744,43.83167879021274,2026-09-23,1.16.0
StarTram (maglev),concept,NEA  →  Earth return (propulsive),5500.0,1.5,Water  (gridded ion / ECR),900.0,2.0,40,0.8648113738070802,1.7296227476141603,41.72962274761416,2026-09-23,1.16.0
StarTram (maglev),concept,Main belt  →  Earth return,7500.0,4.0,Li / F2 / H2  (tripropellant),542.0,37.5609756097561,40,3.100243737739408,116.44817941752899,156.448179417529,2026-09-23,1.16.0
StarTram (maglev),concept,LEO  →  cislunar NRHO depot,3600.0,0.02,Argon  (Hall / ion),1500.0,10.0,40,0.2772788174938945,2.772788174938945,42.772788174938945,2026-09-23,1.16.0
StarTram (maglev),concept,GTO  →  GEO (circularise + plane change),1836.0,0.01,PPT  (PTFE pulsed plasma),1000.0,25.0,40,0.20589242766557492,5.1473106916393725,45.147310691639376,2026-09-23,1.16.0
StarTram (maglev),concept,GEO  →  Earth (deorbit to entry),1488.0,0.01,Direct fusion drive,10000.0,1000000.0,40,0.015289077384263106,15289.077384263106,15329.077384263106,2026-09-23,1.16.0
StarTram (maglev),concept,LEO  →  trans-Mars injection,3600.0,0.7,HTP  (98% peroxide monoprop),165.0,5.0,40,8.251959563304872,41.25979781652436,81.25979781652435,2026-09-23,1.16.0
StarTram (maglev),concept,Mars arrival  →  1-sol orbit (MOI),900.0,0.01,"Nuclear electric  (NEP, xenon)",5000.0,10000.0,40,0.018524378240880823,185.24378240880824,225.24378240880824,2026-09-23,1.16.0
StarTram (maglev),concept,1-sol Mars orbit  →  Earth (TEI),900.0,0.7,Beamed laser-thermal  (H2),900.0,10.0,40,0.10735204606807192,1.0735204606807192,41.07352046068072,2026-09-23,1.16.0
StarTram (maglev),concept,NEA  →  LEO delivery (aerobraked),100.0,2.0,Krypton  (Hall),2000.0,300.0,40,0.005111600947564909,1.5334802842694728,41.53348028426947,2026-09-23,1.16.0
Skylon / SABRE,concept,LEO  →  Earth escape (C3=0),3200.0,0.003,"Argon  (Hall / ion, cryogenic)",1500.0,10.0,1000,0.2430144763606803,2.430144763606803,1002.4301447636068,2026-09-23,1.16.0
Skylon / SABRE,concept,LEO  →  hard NEA,8500.0,2.0,MMH / NTO  (hypergolic),336.0,59.528301886792455,1000,12.192377877090829,725.7915509853126,1725.7915509853126,2026-09-23,1.16.0
Skylon / SABRE,concept,Asteroid station-keeping,200.0,0.5,Hydrazine arcjet,600.0,75.0,1000,0.034574820051586075,2.593111503868956,1002.593111503869,2026-09-23,1.16.0
Skylon / SABRE,concept,NEA  →  Earth return (aerocap),1500.0,1.5,CO / LOX  (carbonaceous ISRU),260.0,0.7095541401273886,1000,0.8009203056866347,0.5682963188120453,1000.568296318812,2026-09-23,1.16.0
Skylon / SABRE,concept,TLI  →  NRHO insertion,450.0,0.01,UDMH / NTO  (hypergolic),318.0,47.5,1000,0.15523000664527808,7.373425315650709,1007.3734253156507,2026-09-23,1.16.0
Skylon / SABRE,concept,LEO  →  GTO (perigee burn),2455.0,0.001,Mercury ion  (RETIRED),3000.0,60.0,1000,0.08702735863743993,5.221641518246396,1005.2216415182464,2026-09-23,1.16.0
Skylon / SABRE,concept,LEO  →  GEO depot,4291.0,0.01,Antimatter-catalysed,100000.0,6.25e+16,1000,0.004385189195257766,274074324703610.38,274074324704610.38,2026-09-23,1.16.0
Skylon / SABRE,concept,NRHO  →  low lunar orbit,730.0,0.01,HTP / RP-1  (peroxide bipropellant),320.0,4.6875,1000,0.2619053497213828,1.227681326818982,1001.227681326819,2026-09-23,1.16.0
Skylon / SABRE,concept,Low Mars orbit  →  Earth (TEI),2100.0,0.7,Solar thermal  (LH2),800.0,10.0,1000,0.3069229824121569,3.0692298241215688,1003.0692298241215,2026-09-23,1.16.0
Skylon / SABRE,concept,1-sol Mars orbit  →  Earth (TEI),900.0,0.7,kerolox  (RP-1 / LOX),340.0,0.896969696969697,1000,0.3098660497764605,0.27794045676918877,1000.2779404567692,2026-09-23,1.16.0
Skylon / SABRE,concept,NEA  →  cislunar NRHO (Oberth capture),944.0,1.6,Iodine  (Hall / gridded),2000.0,60.0,1000,0.04930769147151137,2.9584614882906823,1002.9584614882907,2026-09-23,1.16.0
Sea Dragon,concept,LEO  →  GTO,2440.0,0.001,MPD  (lithium magnetoplasmadynamic),4000.0,80.0,545,0.06417802003961137,5.13424160316891,550.1342416031689,2026-09-23,1.16.0
Sea Dragon,concept,LEO  →  average NEA,6500.0,1.5,Hydrazine  (monoprop),220.0,75.0,545,19.344241563250616,1450.8181172437962,1995.8181172437962,2026-09-23,1.16.0
Sea Dragon,concept,LEO  →  main-belt asteroid,10500.0,3.5,Electrospray  (ionic liquid),2500.0,2000.0,545,0.5346169554122704,1069.2339108245408,1614.2339108245408,2026-09-23,1.16.0
Sea Dragon,concept,NEA  →  Earth return (propulsive),5500.0,1.5,Mass driver  (regolith reaction mass),306.0,0.1,545,5.251511400668035,0.5251511400668035,545.5251511400668,2026-09-23,1.16.0
Sea Dragon,concept,LEO  →  TLI (trans-lunar injection),3150.0,0.01,Aerozine-50 / NTO  (hypergolic),320.0,53.33333333333333,545,1.7285849654650014,92.1911981581334,637.1911981581334,2026-09-23,1.16.0
Sea Dragon,concept,LEO  →  cislunar NRHO depot,3600.0,0.02,Solar sail  (photonic),inf,0.0,545,0.0,0.0,545.0,2026-09-23,1.16.0
Sea Dragon,concept,GTO  →  GEO (circularise + plane change),1836.0,0.01,Magnetic sail / electric sail,inf,0.0,545,0.0,0.0,545.0,2026-09-23,1.16.0
Sea Dragon,concept,TLI  →  low lunar orbit (LOI),900.0,0.01,Cold gas  (GN2),70.0,1.0,545,2.710118075525866,2.710118075525866,547.7101180755259,2026-09-23,1.16.0
Sea Dragon,concept,LEO  →  trans-Mars injection,3600.0,0.7,Solar thermal steam  (water),190.0,2.0,545,5.903951143604084,11.807902287208169,556.8079022872082,2026-09-23,1.16.0
Sea Dragon,concept,LEO  →  Mars 1-sol orbit depot,4500.0,0.7,hydrolox  (LH2 / LOX),452.0,1.5999999999999999,545,1.759926901284382,2.815883042055011,547.815883042055,2026-09-23,1.16.0
Sea Dragon,concept,NEA  →  LEO delivery (propulsive),3626.0,1.5,Water  (electrothermal / resistojet),190.0,2.0,545,6.000964242916229,12.001928485832458,557.0019284858324,2026-09-23,1.16.0
Sea Dragon,concept,NEA  →  LEO delivery (aerobraked),100.0,2.0,"Metal / water  (ALICE, Al + H2O)",210.0,2.5,545,0.04975616658715443,0.12439041646788607,545.1243904164679,2026-09-23,1.16.0
Lunar mass driver,concept,LEO  →  easy NEA (low-Δv class),4500.0,1.0,Xenon  (Hall / ion),3000.0,10000.0,10,0.16527537438270223,1652.7537438270224,1662.7537438270224,2026-09-23,1.16.0
Lunar mass driver,concept,LEO  →  hard NEA,8500.0,2.0,FEEP  (indium field emission),6000.0,250.0,10,0.15541524268443951,38.853810671109876,48.853810671109876,2026-09-23,1.16.0
Lunar mass driver,concept,Asteroid station-keeping,200.0,0.5,Nuclear pulse  (Orion),10000.0,50000.0,10,0.002041513482750279,102.07567413751394,112.07567413751394,2026-09-23,1.16.0
Lunar mass driver,concept,Main belt  →  Earth return,7500.0,4.0,Green monoprop  (ASCENT / AF-M315E),235.0,500.0,10,24.904415729869967,12452.207864934984,12462.207864934984,2026-09-23,1.16.0
Lunar mass driver,concept,TLI  →  NRHO insertion,450.0,0.01,"Nuclear thermal  (LH2, NTP)",900.0,10.0,10,0.052307961610132514,0.5230796161013251,10.523079616101326,2026-09-23,1.16.0
Lunar mass driver,concept,LEO  →  GTO (perigee burn),2455.0,0.001,Momentum-exchange tether,inf,0.0,10,0.0,0.0,10.0,2026-09-23,1.16.0
Lunar mass driver,concept,GEO  →  Earth (deorbit to entry),1488.0,0.01,Solid  (APCP),285.0,15.0,10,0.7030132835244591,10.545199252866887,20.545199252866887,2026-09-23,1.16.0
Lunar mass driver,concept,NRHO  →  low lunar orbit,730.0,0.01,"VASIMR  (argon, variable Isp)",4000.0,10.0,10,0.018784062795494494,0.18784062795494494,10.187840627954944,2026-09-23,1.16.0
Lunar mass driver,concept,Mars arrival  →  1-sol orbit (MOI),900.0,0.01,methalox  (LCH4 / LOX),380.0,0.24347826086956526,10,0.27317239506570945,0.06651153966817275,10.066511539668173,2026-09-23,1.16.0
Lunar mass driver,concept,1-sol Mars orbit  →  Earth (TEI),900.0,0.7,Water  (gridded ion / ECR),900.0,2.0,10,0.10735204606807192,0.21470409213614383,10.214704092136143,2026-09-23,1.16.0
Lunar mass driver,concept,NEA  →  cislunar NRHO (Oberth capture),944.0,1.6,Li / F2 / H2  (tripropellant),542.0,37.5609756097561,10,0.19435191702310628,7.300047615014236,17.300047615014236,2026-09-23,1.16.0
Lunar space elevator,concept,LEO  →  Earth escape (C3=0),3200.0,0.003,Argon  (Hall / ion),1500.0,10.0,10,0.2430144763606803,2.430144763606803,12.430144763606803,2026-09-23,1.16.0
Lunar space elevator,concept,LEO  →  average NEA,6500.0,1.5,PPT  (PTFE pulsed plasma),1000.0,25.0,10,0.9402474925846129,23.506187314615325,33.506187314615325,2026-09-23,1.16.0
Lunar space elevator,concept,LEO  →  main-belt asteroid,10500.0,3.5,Direct fusion drive,10000.0,1000000.0,10,0.1130123878360414,113012.3878360414,113022.3878360414,2026-09-23,1.16.0
Lunar space elevator,concept,NEA  →  Earth return (aerocap),1500.0,1.5,HTP  (98% peroxide monoprop),165.0,5.0,10,1.5269542886633611,7.634771443316806,17.634771443316808,2026-09-23,1.16.0
Lunar space elevator,concept,LEO  →  TLI (trans-lunar injection),3150.0,0.01,"Nuclear electric  (NEP, xenon)",5000.0,10000.0,10,0.06635055381556865,663.5055381556865,673.5055381556865,2026-09-23,1.16.0
Lunar space elevator,concept,LEO  →  cislunar NRHO depot,3600.0,0.02,Beamed laser-thermal  (H2),900.0,10.0,10,0.5036364664760675,5.036364664760676,15.036364664760676,2026-09-23,1.16.0
Lunar space elevator,concept,LEO  →  GEO depot,4291.0,0.01,Krypton  (Hall),2000.0,300.0,10,0.24455758517969417,73.36727555390826,83.36727555390826,2026-09-23,1.16.0
Lunar space elevator,concept,TLI  →  low lunar orbit (LOI),900.0,0.01,"Argon  (Hall / ion, cryogenic)",1500.0,10.0,10,0.06309341354847708,0.6309341354847708,10.630934135484772,2026-09-23,1.16.0
Lunar space elevator,concept,Low Mars orbit  →  Earth (TEI),2100.0,0.7,MMH / NTO  (hypergolic),336.0,59.528301886792455,10,0.8914100953970074,53.06412926372752,63.06412926372752,2026-09-23,1.16.0
Lunar space elevator,concept,LEO  →  Mars 1-sol orbit depot,4500.0,0.7,Hydrazine arcjet,600.0,75.0,10,1.1485370307920175,86.14027730940131,96.14027730940131,2026-09-23,1.16.0
Lunar space elevator,concept,NEA  →  LEO delivery (propulsive),3626.0,1.5,CO / LOX  (carbonaceous ISRU),260.0,0.7095541401273886,10,3.145866934387975,2.2321629075848435,12.232162907584843,2026-09-23,1.16.0
Earth space elevator,concept,LEO  →  GTO,2440.0,0.001,UDMH / NTO  (hypergolic),318.0,47.5,100,1.1867660455195344,56.37138716217788,156.37138716217788,2026-09-23,1.16.0
Earth space elevator,concept,LEO  →  easy NEA (low-Δv class),4500.0,1.0,Mercury ion  (RETIRED),3000.0,60.0,100,0.16527537438270223,9.916522462962135,109.91652246296213,2026-09-23,1.16.0
Earth space elevator,concept,LEO  →  hard NEA,8500.0,2.0,Antimatter-catalysed,100000.0,6.25e+16,100,0.008705260113540225,544078757096264.06,544078757096364.06,2026-09-23,1.16.0
Earth space elevator,concept,NEA  →  Earth return (propulsive),5500.0,1.5,HTP / RP-1  (peroxide bipropellant),320.0,4.6875,100,4.76979897979334,22.358432717781284,122.35843271778128,2026-09-23,1.16.0
Earth space elevator,concept,Main belt  →  Earth return,7500.0,4.0,Solar thermal  (LH2),800.0,10.0,100,1.6012288023469088,16.01228802346909,116.0122880234691,2026-09-23,1.16.0
Earth space elevator,concept,LEO  →  cislunar NRHO depot,3600.0,0.02,kerolox  (RP-1 / LOX),340.0,0.896969696969697,100,1.9437948655678756,1.7435250915396703,101.74352509153967,2026-09-23,1.16.0
Earth space elevator,concept,GTO  →  GEO (circularise + plane change),1836.0,0.01,Iodine  (Hall / gridded),2000.0,60.0,100,0.09813133443389854,5.887880066033913,105.88788006603392,2026-09-23,1.16.0
Earth space elevator,concept,GEO  →  Earth (deorbit to entry),1488.0,0.01,MPD  (lithium magnetoplasmadynamic),4000.0,80.0,100,0.03866210047200935,3.0929680377607482,103.09296803776076,2026-09-23,1.16.0
Earth space elevator,concept,LEO  →  trans-Mars injection,3600.0,0.7,Hydrazine  (monoprop),220.0,75.0,100,4.304876704010455,322.86575280078415,422.86575280078415,2026-09-23,1.16.0
Earth space elevator,concept,Mars arrival  →  1-sol orbit (MOI),900.0,0.01,Electrospray  (ionic liquid),2500.0,2000.0,100,0.03739190907097267,74.78381814194535,174.78381814194535,2026-09-23,1.16.0
Earth space elevator,concept,1-sol Mars orbit  →  Earth (TEI),900.0,0.7,Mass driver  (regolith reaction mass),306.0,0.1,100,0.34974614392166337,0.034974614392166335,100.03497461439217,2026-09-23,1.16.0
Earth space elevator,concept,NEA  →  LEO delivery (aerobraked),100.0,2.0,Aerozine-50 / NTO  (hypergolic),320.0,53.33333333333333,100,0.032379293147400956,1.7268956345280508,101.72689563452805,2026-09-23,1.16.0
